Signal data for event #14786 with energy 999.3652218749529
<z>	<x>	<t>	<nph>
0	0	0	0.0
0	1	0	0.0
0	2	0	0.0
0	3	0	0.0
0	4	0	0.0
0	5	0	0.0
0	6	0	0.0
0	7	0	0.0
0	8	0	0.0
0	9	0	0.0
1	0	0	0.0
1	1	0	0.0
1	2	0	0.0
1	3	0	0.0
1	4	0	0.0
1	5	0	0.0
1	6	0	0.0
1	7	0	0.0
1	8	0	0.0
1	9	0	0.0
2	0	0	0.0
2	1	0	0.0
2	2	0	0.0
2	3	0	0.0
2	4	0	0.0
2	5	0	0.0
2	6	0	0.0
2	7	0	0.0
2	8	0	0.0
2	9	0	0.0
3	0	0	0.0
3	1	0	0.0
3	2	0	0.0
3	3	0	0.0
3	4	0	0.0
3	5	0	0.0
3	6	0	0.0
3	7	0	0.0
3	8	0	0.0
3	9	0	0.0
4	0	0	0.0
4	1	0	0.0
4	2	0	0.0
4	3	0	0.0
4	4	0	0.0
4	5	0	0.0
4	6	0	0.0
4	7	0	0.0
4	8	0	0.0
4	9	0	0.0
5	0	0	0.0
5	1	0	0.0
5	2	0	0.0
5	3	0	0.0
5	4	0	0.0
5	5	0	0.0
5	6	0	0.0
5	7	0	0.0
5	8	0	0.0
5	9	0	0.0
6	0	0	0.0
6	1	0	0.0
6	2	0	0.0
6	3	0	0.0
6	4	0	0.0
6	5	0	0.0
6	6	0	0.0
6	7	0	0.0
6	8	0	0.0
6	9	0	0.0
7	0	0	0.0
7	1	0	0.0
7	2	0	0.0
7	3	0	0.0
7	4	0	0.0
7	5	0	0.0
7	6	0	0.0
7	7	0	0.0
7	8	0	0.0
7	9	0	0.0
8	0	0	0.0
8	1	0	0.0
8	2	0	0.0
8	3	0	0.0
8	4	0	0.0
8	5	0	0.0
8	6	0	0.0
8	7	0	0.0
8	8	0	0.0
8	9	0	0.0
9	0	0	0.0
9	1	0	0.0
9	2	0	0.0
9	3	0	0.0
9	4	0	0.0
9	5	0	0.0
9	6	0	0.0
9	7	0	0.0
9	8	0	0.0
9	9	0	0.0
0	0	1	0.0
0	1	1	0.0
0	2	1	0.0
0	3	1	0.0
0	4	1	0.0
0	5	1	0.0
0	6	1	0.0
0	7	1	0.0
0	8	1	0.0
0	9	1	0.0
1	0	1	0.0
1	1	1	0.0
1	2	1	0.0
1	3	1	0.0
1	4	1	0.0
1	5	1	0.0
1	6	1	0.0
1	7	1	0.0
1	8	1	0.0
1	9	1	0.0
2	0	1	0.0
2	1	1	0.0
2	2	1	0.0
2	3	1	0.0
2	4	1	0.0
2	5	1	0.0
2	6	1	0.0
2	7	1	0.0
2	8	1	0.0
2	9	1	0.0
3	0	1	0.0
3	1	1	0.0
3	2	1	0.0
3	3	1	0.0
3	4	1	0.0
3	5	1	0.0
3	6	1	0.0
3	7	1	0.0
3	8	1	0.0
3	9	1	0.0
4	0	1	0.0
4	1	1	0.0
4	2	1	0.0
4	3	1	0.0
4	4	1	0.0
4	5	1	0.0
4	6	1	0.0
4	7	1	0.0
4	8	1	0.0
4	9	1	0.0
5	0	1	0.0
5	1	1	0.0
5	2	1	0.0
5	3	1	0.0
5	4	1	0.0
5	5	1	0.0
5	6	1	0.0
5	7	1	0.0
5	8	1	0.0
5	9	1	0.0
6	0	1	0.0
6	1	1	0.0
6	2	1	0.0
6	3	1	0.0
6	4	1	0.0
6	5	1	0.0
6	6	1	0.0
6	7	1	0.0
6	8	1	0.0
6	9	1	0.0
7	0	1	0.0
7	1	1	0.0
7	2	1	0.0
7	3	1	0.0
7	4	1	0.0
7	5	1	0.0
7	6	1	0.0
7	7	1	0.0
7	8	1	0.0
7	9	1	0.0
8	0	1	0.0
8	1	1	0.0
8	2	1	0.0
8	3	1	0.0
8	4	1	0.0
8	5	1	0.0
8	6	1	0.0
8	7	1	0.0
8	8	1	0.0
8	9	1	0.0
9	0	1	0.0
9	1	1	0.0
9	2	1	0.0
9	3	1	0.0
9	4	1	0.0
9	5	1	0.0
9	6	1	0.0
9	7	1	0.0
9	8	1	0.0
9	9	1	0.0
0	0	2	0.0
0	1	2	0.0
0	2	2	0.0
0	3	2	0.0
0	4	2	0.0
0	5	2	0.0
0	6	2	0.0
0	7	2	0.0
0	8	2	0.0
0	9	2	0.0
1	0	2	0.0
1	1	2	0.0
1	2	2	0.0
1	3	2	0.0
1	4	2	0.0
1	5	2	0.0
1	6	2	0.0
1	7	2	0.0
1	8	2	0.0
1	9	2	0.0
2	0	2	0.0
2	1	2	0.0
2	2	2	0.0
2	3	2	0.0
2	4	2	0.0
2	5	2	0.0
2	6	2	0.0
2	7	2	0.0
2	8	2	0.0
2	9	2	0.0
3	0	2	0.0
3	1	2	0.0
3	2	2	0.0
3	3	2	0.0
3	4	2	0.0
3	5	2	0.0
3	6	2	0.0
3	7	2	0.0
3	8	2	0.0
3	9	2	0.0
4	0	2	0.0
4	1	2	0.0
4	2	2	0.0
4	3	2	0.0
4	4	2	0.0
4	5	2	0.0
4	6	2	0.0
4	7	2	0.0
4	8	2	0.0
4	9	2	0.0
5	0	2	0.0
5	1	2	0.0
5	2	2	0.0
5	3	2	0.0
5	4	2	0.0
5	5	2	0.0
5	6	2	0.0
5	7	2	0.0
5	8	2	0.0
5	9	2	0.0
6	0	2	0.0
6	1	2	0.0
6	2	2	0.0
6	3	2	0.0
6	4	2	0.0
6	5	2	0.0
6	6	2	0.0
6	7	2	0.0
6	8	2	0.0
6	9	2	0.0
7	0	2	0.0
7	1	2	0.0
7	2	2	0.0
7	3	2	0.0
7	4	2	0.0
7	5	2	0.0
7	6	2	0.0
7	7	2	0.0
7	8	2	0.0
7	9	2	0.0
8	0	2	0.0
8	1	2	0.0
8	2	2	0.0
8	3	2	0.0
8	4	2	0.0
8	5	2	0.0
8	6	2	0.0
8	7	2	0.0
8	8	2	0.0
8	9	2	0.0
9	0	2	0.0
9	1	2	0.0
9	2	2	0.0
9	3	2	0.0
9	4	2	0.0
9	5	2	0.0
9	6	2	0.0
9	7	2	0.0
9	8	2	0.0
9	9	2	0.0
0	0	3	0.0
0	1	3	0.0
0	2	3	0.0
0	3	3	0.0
0	4	3	0.0
0	5	3	0.0
0	6	3	0.0
0	7	3	0.0
0	8	3	0.0
0	9	3	0.0
1	0	3	0.0
1	1	3	0.0
1	2	3	0.0
1	3	3	0.0
1	4	3	0.0
1	5	3	0.0
1	6	3	0.0
1	7	3	0.0
1	8	3	0.0
1	9	3	0.0
2	0	3	0.0
2	1	3	0.0
2	2	3	0.0
2	3	3	0.0
2	4	3	0.0
2	5	3	0.0
2	6	3	0.0
2	7	3	0.0
2	8	3	0.0
2	9	3	0.0
3	0	3	0.0
3	1	3	0.0
3	2	3	0.0
3	3	3	0.0
3	4	3	0.0
3	5	3	0.0
3	6	3	0.0
3	7	3	0.0
3	8	3	0.0
3	9	3	0.0
4	0	3	0.0
4	1	3	0.0
4	2	3	0.0
4	3	3	0.0
4	4	3	0.0
4	5	3	0.0
4	6	3	0.0
4	7	3	0.0
4	8	3	0.0
4	9	3	0.0
5	0	3	0.0
5	1	3	0.0
5	2	3	0.0
5	3	3	0.0
5	4	3	0.0
5	5	3	0.0
5	6	3	0.0
5	7	3	0.0
5	8	3	0.0
5	9	3	0.0
6	0	3	0.0
6	1	3	0.0
6	2	3	0.0
6	3	3	0.0
6	4	3	0.0
6	5	3	0.0
6	6	3	0.0
6	7	3	0.0
6	8	3	0.0
6	9	3	0.0
7	0	3	0.0
7	1	3	0.0
7	2	3	0.0
7	3	3	0.0
7	4	3	0.0
7	5	3	0.0
7	6	3	0.0
7	7	3	0.0
7	8	3	0.0
7	9	3	0.0
8	0	3	0.0
8	1	3	0.0
8	2	3	0.0
8	3	3	0.0
8	4	3	0.0
8	5	3	0.0
8	6	3	0.0
8	7	3	0.0
8	8	3	0.0
8	9	3	0.0
9	0	3	0.0
9	1	3	0.0
9	2	3	0.0
9	3	3	0.0
9	4	3	0.0
9	5	3	0.0
9	6	3	0.0
9	7	3	0.0
9	8	3	0.0
9	9	3	0.0
0	0	4	0.0
0	1	4	0.0
0	2	4	0.0
0	3	4	0.0
0	4	4	0.0
0	5	4	0.0
0	6	4	0.0
0	7	4	0.0
0	8	4	0.0
0	9	4	0.0
1	0	4	0.0
1	1	4	0.0
1	2	4	0.0
1	3	4	0.0
1	4	4	0.0
1	5	4	0.0
1	6	4	0.0
1	7	4	0.0
1	8	4	0.0
1	9	4	0.0
2	0	4	0.0
2	1	4	0.0
2	2	4	0.0
2	3	4	0.0
2	4	4	0.0
2	5	4	0.0
2	6	4	0.0
2	7	4	0.0
2	8	4	0.0
2	9	4	0.0
3	0	4	0.0
3	1	4	0.0
3	2	4	0.0
3	3	4	0.0
3	4	4	0.0
3	5	4	0.0
3	6	4	0.0
3	7	4	0.0
3	8	4	0.0
3	9	4	0.0
4	0	4	0.0
4	1	4	0.0
4	2	4	0.0
4	3	4	0.0
4	4	4	0.0
4	5	4	0.0
4	6	4	0.0
4	7	4	0.0
4	8	4	0.0
4	9	4	0.0
5	0	4	0.0
5	1	4	0.0
5	2	4	0.0
5	3	4	0.0
5	4	4	0.0
5	5	4	0.0
5	6	4	0.0
5	7	4	0.0
5	8	4	0.0
5	9	4	0.0
6	0	4	0.0
6	1	4	0.0
6	2	4	0.0
6	3	4	0.0
6	4	4	0.0
6	5	4	0.0
6	6	4	0.0
6	7	4	0.0
6	8	4	0.0
6	9	4	0.0
7	0	4	0.0
7	1	4	0.0
7	2	4	0.0
7	3	4	0.0
7	4	4	0.0
7	5	4	0.0
7	6	4	0.0
7	7	4	0.0
7	8	4	0.0
7	9	4	0.0
8	0	4	0.0
8	1	4	0.0
8	2	4	0.0
8	3	4	0.0
8	4	4	0.0
8	5	4	0.0
8	6	4	0.0
8	7	4	0.0
8	8	4	0.0
8	9	4	0.0
9	0	4	0.0
9	1	4	0.0
9	2	4	0.0
9	3	4	0.0
9	4	4	0.0
9	5	4	0.0
9	6	4	0.0
9	7	4	0.0
9	8	4	0.0
9	9	4	0.0
0	0	5	0.0
0	1	5	0.0
0	2	5	0.0
0	3	5	0.0
0	4	5	0.0
0	5	5	0.0
0	6	5	0.0
0	7	5	0.0
0	8	5	0.0
0	9	5	0.0
1	0	5	0.0
1	1	5	0.0
1	2	5	0.0
1	3	5	0.0
1	4	5	0.0
1	5	5	0.0
1	6	5	0.0
1	7	5	0.0
1	8	5	0.0
1	9	5	0.0
2	0	5	0.0
2	1	5	0.0
2	2	5	0.0
2	3	5	0.0
2	4	5	0.0
2	5	5	0.0
2	6	5	0.0
2	7	5	0.0
2	8	5	0.0
2	9	5	0.0
3	0	5	0.0
3	1	5	0.0
3	2	5	0.0
3	3	5	0.0
3	4	5	0.0
3	5	5	0.0
3	6	5	0.0
3	7	5	0.0
3	8	5	0.0
3	9	5	0.0
4	0	5	0.0
4	1	5	0.0
4	2	5	0.0
4	3	5	0.0
4	4	5	0.0
4	5	5	0.0
4	6	5	0.0
4	7	5	0.0
4	8	5	0.0
4	9	5	0.0
5	0	5	0.0
5	1	5	0.0
5	2	5	0.0
5	3	5	0.0
5	4	5	0.0
5	5	5	0.0
5	6	5	0.0
5	7	5	0.0
5	8	5	0.0
5	9	5	0.0
6	0	5	0.0
6	1	5	0.0
6	2	5	0.0
6	3	5	0.0
6	4	5	0.0
6	5	5	0.0
6	6	5	0.0
6	7	5	0.0
6	8	5	0.0
6	9	5	0.0
7	0	5	0.0
7	1	5	0.0
7	2	5	0.0
7	3	5	0.0
7	4	5	0.0
7	5	5	0.0
7	6	5	0.0
7	7	5	0.0
7	8	5	0.0
7	9	5	0.0
8	0	5	0.0
8	1	5	0.0
8	2	5	0.0
8	3	5	0.0
8	4	5	0.0
8	5	5	0.0
8	6	5	0.0
8	7	5	0.0
8	8	5	0.0
8	9	5	0.0
9	0	5	0.0
9	1	5	0.0
9	2	5	0.0
9	3	5	0.0
9	4	5	0.0
9	5	5	0.0
9	6	5	0.0
9	7	5	0.0
9	8	5	0.0
9	9	5	0.0
0	0	6	0.0
0	1	6	0.0
0	2	6	0.0
0	3	6	0.0
0	4	6	0.0
0	5	6	0.0
0	6	6	0.0
0	7	6	0.0
0	8	6	0.0
0	9	6	0.0
1	0	6	0.0
1	1	6	0.0
1	2	6	0.0
1	3	6	0.0
1	4	6	0.0
1	5	6	0.0
1	6	6	0.0
1	7	6	0.0
1	8	6	0.0
1	9	6	0.0
2	0	6	0.0
2	1	6	0.0
2	2	6	0.0
2	3	6	0.0
2	4	6	0.0
2	5	6	0.0
2	6	6	0.0
2	7	6	0.0
2	8	6	0.0
2	9	6	0.0
3	0	6	0.0
3	1	6	0.0
3	2	6	0.0
3	3	6	0.0
3	4	6	0.0
3	5	6	0.0
3	6	6	0.0
3	7	6	0.0
3	8	6	0.0
3	9	6	0.0
4	0	6	0.0
4	1	6	0.0
4	2	6	0.0
4	3	6	0.0
4	4	6	0.0
4	5	6	0.0
4	6	6	0.0
4	7	6	0.0
4	8	6	0.0
4	9	6	0.0
5	0	6	0.0
5	1	6	0.0
5	2	6	0.0
5	3	6	0.0
5	4	6	0.0
5	5	6	0.0
5	6	6	0.0
5	7	6	0.0
5	8	6	0.0
5	9	6	0.0
6	0	6	0.0
6	1	6	0.0
6	2	6	0.0
6	3	6	0.0
6	4	6	0.0
6	5	6	0.0
6	6	6	0.0
6	7	6	0.0
6	8	6	0.0
6	9	6	0.0
7	0	6	0.0
7	1	6	0.0
7	2	6	0.0
7	3	6	0.0
7	4	6	0.0
7	5	6	0.0
7	6	6	0.0
7	7	6	0.0
7	8	6	0.0
7	9	6	0.0
8	0	6	0.0
8	1	6	0.0
8	2	6	0.0
8	3	6	0.0
8	4	6	0.0
8	5	6	0.0
8	6	6	0.0
8	7	6	0.0
8	8	6	0.0
8	9	6	0.0
9	0	6	0.0
9	1	6	0.0
9	2	6	0.0
9	3	6	0.0
9	4	6	0.0
9	5	6	0.0
9	6	6	0.0
9	7	6	0.0
9	8	6	0.0
9	9	6	0.0
0	0	7	959.0
0	1	7	1168.0
0	2	7	1016.0
0	3	7	839.0
0	4	7	461.0
0	5	7	190.0
0	6	7	111.0
0	7	7	0.0
0	8	7	0.0
0	9	7	0.0
1	0	7	790.0
1	1	7	938.0
1	2	7	920.0
1	3	7	404.0
1	4	7	132.0
1	5	7	35.0
1	6	7	0.0
1	7	7	0.0
1	8	7	0.0
1	9	7	0.0
2	0	7	18.0
2	1	7	237.0
2	2	7	304.0
2	3	7	266.0
2	4	7	36.0
2	5	7	16.0
2	6	7	6.0
2	7	7	0.0
2	8	7	0.0
2	9	7	0.0
3	0	7	0.0
3	1	7	282.0
3	2	7	337.0
3	3	7	282.0
3	4	7	0.0
3	5	7	0.0
3	6	7	0.0
3	7	7	0.0
3	8	7	0.0
3	9	7	0.0
4	0	7	0.0
4	1	7	0.0
4	2	7	0.0
4	3	7	0.0
4	4	7	0.0
4	5	7	0.0
4	6	7	0.0
4	7	7	0.0
4	8	7	0.0
4	9	7	0.0
5	0	7	0.0
5	1	7	0.0
5	2	7	0.0
5	3	7	0.0
5	4	7	0.0
5	5	7	0.0
5	6	7	0.0
5	7	7	0.0
5	8	7	0.0
5	9	7	0.0
6	0	7	0.0
6	1	7	0.0
6	2	7	0.0
6	3	7	0.0
6	4	7	0.0
6	5	7	0.0
6	6	7	0.0
6	7	7	0.0
6	8	7	0.0
6	9	7	0.0
7	0	7	0.0
7	1	7	0.0
7	2	7	0.0
7	3	7	0.0
7	4	7	0.0
7	5	7	0.0
7	6	7	0.0
7	7	7	0.0
7	8	7	0.0
7	9	7	0.0
8	0	7	0.0
8	1	7	0.0
8	2	7	0.0
8	3	7	0.0
8	4	7	0.0
8	5	7	0.0
8	6	7	0.0
8	7	7	0.0
8	8	7	0.0
8	9	7	0.0
9	0	7	0.0
9	1	7	0.0
9	2	7	0.0
9	3	7	0.0
9	4	7	0.0
9	5	7	0.0
9	6	7	0.0
9	7	7	0.0
9	8	7	0.0
9	9	7	0.0
0	0	8	841.0
0	1	8	678.0
0	2	8	746.0
0	3	8	581.0
0	4	8	494.0
0	5	8	410.0
0	6	8	277.0
0	7	8	206.0
0	8	8	113.0
0	9	8	94.0
1	0	8	1289.0
1	1	8	1082.0
1	2	8	845.0
1	3	8	915.0
1	4	8	828.0
1	5	8	605.0
1	6	8	303.0
1	7	8	198.0
1	8	8	113.0
1	9	8	36.0
2	0	8	2295.0
2	1	8	2017.0
2	2	8	1591.0
2	3	8	1231.0
2	4	8	977.0
2	5	8	492.0
2	6	8	324.0
2	7	8	176.0
2	8	8	32.0
2	9	8	4.0
3	0	8	2108.0
3	1	8	1805.0
3	2	8	1532.0
3	3	8	885.0
3	4	8	701.0
3	5	8	468.0
3	6	8	228.0
3	7	8	46.0
3	8	8	25.0
3	9	8	1.0
4	0	8	1705.0
4	1	8	1599.0
4	2	8	1240.0
4	3	8	782.0
4	4	8	566.0
4	5	8	276.0
4	6	8	31.0
4	7	8	19.0
4	8	8	0.0
4	9	8	0.0
5	0	8	1387.0
5	1	8	1324.0
5	2	8	907.0
5	3	8	489.0
5	4	8	337.0
5	5	8	0.0
5	6	8	0.0
5	7	8	0.0
5	8	8	0.0
5	9	8	0.0
6	0	8	613.0
6	1	8	681.0
6	2	8	613.0
6	3	8	0.0
6	4	8	0.0
6	5	8	0.0
6	6	8	0.0
6	7	8	0.0
6	8	8	0.0
6	9	8	0.0
7	0	8	0.0
7	1	8	0.0
7	2	8	49.0
7	3	8	0.0
7	4	8	0.0
7	5	8	0.0
7	6	8	0.0
7	7	8	0.0
7	8	8	0.0
7	9	8	0.0
8	0	8	547.0
8	1	8	1725.0
8	2	8	800.0
8	3	8	763.0
8	4	8	0.0
8	5	8	0.0
8	6	8	0.0
8	7	8	0.0
8	8	8	0.0
8	9	8	0.0
9	0	8	0.0
9	1	8	102.0
9	2	8	373.0
9	3	8	570.0
9	4	8	498.0
9	5	8	85.0
9	6	8	0.0
9	7	8	0.0
9	8	8	0.0
9	9	8	0.0
0	0	9	219.0
0	1	9	204.0
0	2	9	192.0
0	3	9	174.0
0	4	9	211.0
0	5	9	224.0
0	6	9	187.0
0	7	9	223.0
0	8	9	241.0
0	9	9	194.0
1	0	9	174.0
1	1	9	161.0
1	2	9	178.0
1	3	9	250.0
1	4	9	173.0
1	5	9	177.0
1	6	9	299.0
1	7	9	245.0
1	8	9	211.0
1	9	9	273.0
2	0	9	185.0
2	1	9	172.0
2	2	9	291.0
2	3	9	219.0
2	4	9	245.0
2	5	9	383.0
2	6	9	270.0
2	7	9	242.0
2	8	9	310.0
2	9	9	268.0
3	0	9	346.0
3	1	9	354.0
3	2	9	247.0
3	3	9	509.0
3	4	9	515.0
3	5	9	380.0
3	6	9	378.0
3	7	9	358.0
3	8	9	221.0
3	9	9	254.0
4	0	9	583.0
4	1	9	542.0
4	2	9	598.0
4	3	9	656.0
4	4	9	499.0
4	5	9	447.0
4	6	9	471.0
4	7	9	281.0
4	8	9	173.0
4	9	9	115.0
5	0	9	777.0
5	1	9	701.0
5	2	9	816.0
5	3	9	856.0
5	4	9	565.0
5	5	9	650.0
5	6	9	477.0
5	7	9	184.0
5	8	9	135.0
5	9	9	100.0
6	0	9	1522.0
6	1	9	1311.0
6	2	9	1078.0
6	3	9	1205.0
6	4	9	880.0
6	5	9	585.0
6	6	9	252.0
6	7	9	168.0
6	8	9	69.0
6	9	9	0.0
7	0	9	8164.0
7	1	9	7587.0
7	2	9	5978.0
7	3	9	4505.0
7	4	9	3422.0
7	5	9	1952.0
7	6	9	665.0
7	7	9	177.0
7	8	9	7.0
7	9	9	0.0
8	0	9	26327.0
8	1	9	24722.0
8	2	9	23717.0
8	3	9	18192.0
8	4	9	11735.0
8	5	9	5815.0
8	6	9	2730.0
8	7	9	1166.0
8	8	9	73.0
8	9	9	21.0
9	0	9	55052.0
9	1	9	57096.0
9	2	9	52567.0
9	3	9	39138.0
9	4	9	25338.0
9	5	9	14048.0
9	6	9	6211.0
9	7	9	1394.0
9	8	9	45.0
9	9	9	34.0
0	0	10	107.0
0	1	10	109.0
0	2	10	112.0
0	3	10	95.0
0	4	10	95.0
0	5	10	104.0
0	6	10	116.0
0	7	10	113.0
0	8	10	113.0
0	9	10	137.0
1	0	10	87.0
1	1	10	91.0
1	2	10	89.0
1	3	10	83.0
1	4	10	114.0
1	5	10	106.0
1	6	10	112.0
1	7	10	133.0
1	8	10	177.0
1	9	10	141.0
2	0	10	39.0
2	1	10	38.0
2	2	10	30.0
2	3	10	77.0
2	4	10	85.0
2	5	10	91.0
2	6	10	137.0
2	7	10	178.0
2	8	10	188.0
2	9	10	203.0
3	0	10	121.0
3	1	10	59.0
3	2	10	117.0
3	3	10	109.0
3	4	10	114.0
3	5	10	123.0
3	6	10	137.0
3	7	10	207.0
3	8	10	259.0
3	9	10	231.0
4	0	10	143.0
4	1	10	140.0
4	2	10	132.0
4	3	10	118.0
4	4	10	108.0
4	5	10	175.0
4	6	10	184.0
4	7	10	243.0
4	8	10	315.0
4	9	10	332.0
5	0	10	150.0
5	1	10	146.0
5	2	10	138.0
5	3	10	124.0
5	4	10	202.0
5	5	10	171.0
5	6	10	156.0
5	7	10	311.0
5	8	10	294.0
5	9	10	275.0
6	0	10	1512.0
6	1	10	1475.0
6	2	10	1421.0
6	3	10	1376.0
6	4	10	1068.0
6	5	10	831.0
6	6	10	872.0
6	7	10	710.0
6	8	10	477.0
6	9	10	408.0
7	0	10	3786.0
7	1	10	3859.0
7	2	10	3838.0
7	3	10	3295.0
7	4	10	2671.0
7	5	10	2718.0
7	6	10	2725.0
7	7	10	1909.0
7	8	10	1319.0
7	9	10	1344.0
8	0	10	10342.0
8	1	10	10069.0
8	2	10	8375.0
8	3	10	7684.0
8	4	10	7989.0
8	5	10	8361.0
8	6	10	6745.0
8	7	10	5017.0
8	8	10	3991.0
8	9	10	3816.0
9	0	10	8670.0
9	1	10	8958.0
9	2	10	10986.0
9	3	10	12515.0
9	4	10	11743.0
9	5	10	11510.0
9	6	10	10915.0
9	7	10	9537.0
9	8	10	7674.0
9	9	10	6946.0
0	0	11	251.0
0	1	11	254.0
0	2	11	247.0
0	3	11	268.0
0	4	11	263.0
0	5	11	245.0
0	6	11	259.0
0	7	11	266.0
0	8	11	248.0
0	9	11	244.0
1	0	11	284.0
1	1	11	283.0
1	2	11	263.0
1	3	11	264.0
1	4	11	263.0
1	5	11	246.0
1	6	11	244.0
1	7	11	234.0
1	8	11	224.0
1	9	11	240.0
2	0	11	275.0
2	1	11	266.0
2	2	11	286.0
2	3	11	291.0
2	4	11	276.0
2	5	11	268.0
2	6	11	245.0
2	7	11	235.0
2	8	11	231.0
2	9	11	206.0
3	0	11	307.0
3	1	11	306.0
3	2	11	310.0
3	3	11	318.0
3	4	11	277.0
3	5	11	271.0
3	6	11	247.0
3	7	11	167.0
3	8	11	169.0
3	9	11	152.0
4	0	11	247.0
4	1	11	262.0
4	2	11	272.0
4	3	11	245.0
4	4	11	259.0
4	5	11	211.0
4	6	11	190.0
4	7	11	184.0
4	8	11	119.0
4	9	11	100.0
5	0	11	686.0
5	1	11	678.0
5	2	11	645.0
5	3	11	612.0
5	4	11	578.0
5	5	11	509.0
5	6	11	414.0
5	7	11	334.0
5	8	11	301.0
5	9	11	286.0
6	0	11	1208.0
6	1	11	1197.0
6	2	11	1121.0
6	3	11	1058.0
6	4	11	968.0
6	5	11	930.0
6	6	11	919.0
6	7	11	917.0
6	8	11	1029.0
6	9	11	928.0
7	0	11	1623.0
7	1	11	1635.0
7	2	11	2143.0
7	3	11	2532.0
7	4	11	2416.0
7	5	11	2209.0
7	6	11	2308.0
7	7	11	2914.0
7	8	11	3052.0
7	9	11	2557.0
8	0	11	1678.0
8	1	11	1696.0
8	2	11	2172.0
8	3	11	2621.0
8	4	11	2807.0
8	5	11	3022.0
8	6	11	3848.0
8	7	11	4762.0
8	8	11	5378.0
8	9	11	4823.0
9	0	11	1595.0
9	1	11	1531.0
9	2	11	1516.0
9	3	11	1493.0
9	4	11	2017.0
9	5	11	2693.0
9	6	11	3784.0
9	7	11	5546.0
9	8	11	6237.0
9	9	11	5887.0
0	0	12	152.0
0	1	12	144.0
0	2	12	155.0
0	3	12	152.0
0	4	12	180.0
0	5	12	186.0
0	6	12	180.0
0	7	12	204.0
0	8	12	218.0
0	9	12	216.0
1	0	12	160.0
1	1	12	158.0
1	2	12	184.0
1	3	12	188.0
1	4	12	197.0
1	5	12	246.0
1	6	12	236.0
1	7	12	214.0
1	8	12	237.0
1	9	12	227.0
2	0	12	176.0
2	1	12	197.0
2	2	12	193.0
2	3	12	201.0
2	4	12	204.0
2	5	12	220.0
2	6	12	270.0
2	7	12	250.0
2	8	12	232.0
2	9	12	285.0
3	0	12	141.0
3	1	12	132.0
3	2	12	155.0
3	3	12	159.0
3	4	12	181.0
3	5	12	211.0
3	6	12	239.0
3	7	12	297.0
3	8	12	353.0
3	9	12	318.0
4	0	12	398.0
4	1	12	382.0
4	2	12	364.0
4	3	12	392.0
4	4	12	398.0
4	5	12	423.0
4	6	12	456.0
4	7	12	447.0
4	8	12	500.0
4	9	12	536.0
5	0	12	673.0
5	1	12	664.0
5	2	12	666.0
5	3	12	662.0
5	4	12	697.0
5	5	12	721.0
5	6	12	691.0
5	7	12	749.0
5	8	12	772.0
5	9	12	788.0
6	0	12	1370.0
6	1	12	1380.0
6	2	12	1368.0
6	3	12	1363.0
6	4	12	1532.0
6	5	12	1565.0
6	6	12	1450.0
6	7	12	1387.0
6	8	12	1383.0
6	9	12	1598.0
7	0	12	2135.0
7	1	12	2155.0
7	2	12	2217.0
7	3	12	2264.0
7	4	12	2328.0
7	5	12	2376.0
7	6	12	2334.0
7	7	12	2194.0
7	8	12	2239.0
7	9	12	2509.0
8	0	12	3792.0
8	1	12	3815.0
8	2	12	3902.0
8	3	12	3849.0
8	4	12	3524.0
8	5	12	3269.0
8	6	12	3210.0
8	7	12	2867.0
8	8	12	2659.0
8	9	12	2557.0
9	0	12	5905.0
9	1	12	5856.0
9	2	12	5739.0
9	3	12	5628.0
9	4	12	5173.0
9	5	12	4452.0
9	6	12	3960.0
9	7	12	3412.0
9	8	12	2703.0
9	9	12	2164.0
0	0	13	179.0
0	1	13	196.0
0	2	13	165.0
0	3	13	157.0
0	4	13	148.0
0	5	13	133.0
0	6	13	127.0
0	7	13	115.0
0	8	13	107.0
0	9	13	129.0
1	0	13	166.0
1	1	13	158.0
1	2	13	160.0
1	3	13	155.0
1	4	13	153.0
1	5	13	121.0
1	6	13	119.0
1	7	13	135.0
1	8	13	122.0
1	9	13	113.0
2	0	13	179.0
2	1	13	173.0
2	2	13	162.0
2	3	13	150.0
2	4	13	162.0
2	5	13	145.0
2	6	13	112.0
2	7	13	134.0
2	8	13	120.0
2	9	13	107.0
3	0	13	302.0
3	1	13	313.0
3	2	13	302.0
3	3	13	263.0
3	4	13	267.0
3	5	13	242.0
3	6	13	241.0
3	7	13	246.0
3	8	13	208.0
3	9	13	219.0
4	0	13	448.0
4	1	13	475.0
4	2	13	476.0
4	3	13	442.0
4	4	13	418.0
4	5	13	430.0
4	6	13	376.0
4	7	13	365.0
4	8	13	341.0
4	9	13	333.0
5	0	13	932.0
5	1	13	875.0
5	2	13	912.0
5	3	13	934.0
5	4	13	936.0
5	5	13	959.0
5	6	13	1007.0
5	7	13	1040.0
5	8	13	1043.0
5	9	13	1045.0
6	0	13	1817.0
6	1	13	1779.0
6	2	13	1845.0
6	3	13	1915.0
6	4	13	1937.0
6	5	13	2044.0
6	6	13	2052.0
6	7	13	2017.0
6	8	13	2115.0
6	9	13	2157.0
7	0	13	2915.0
7	1	13	2925.0
7	2	13	2970.0
7	3	13	3012.0
7	4	13	3066.0
7	5	13	3239.0
7	6	13	3359.0
7	7	13	3401.0
7	8	13	3419.0
7	9	13	3399.0
8	0	13	2875.0
8	1	13	2853.0
8	2	13	2879.0
8	3	13	3043.0
8	4	13	3394.0
8	5	13	3846.0
8	6	13	4201.0
8	7	13	4581.0
8	8	13	4905.0
8	9	13	5121.0
9	0	13	1658.0
9	1	13	1696.0
9	2	13	1954.0
9	3	13	2345.0
9	4	13	2839.0
9	5	13	3531.0
9	6	13	4181.0
9	7	13	4843.0
9	8	13	5723.0
9	9	13	6215.0
0	0	14	119.0
0	1	14	101.0
0	2	14	126.0
0	3	14	121.0
0	4	14	108.0
0	5	14	119.0
0	6	14	105.0
0	7	14	98.0
0	8	14	101.0
0	9	14	93.0
1	0	14	126.0
1	1	14	124.0
1	2	14	120.0
1	3	14	125.0
1	4	14	117.0
1	5	14	110.0
1	6	14	117.0
1	7	14	100.0
1	8	14	89.0
1	9	14	108.0
2	0	14	180.0
2	1	14	178.0
2	2	14	186.0
2	3	14	177.0
2	4	14	167.0
2	5	14	175.0
2	6	14	160.0
2	7	14	159.0
2	8	14	163.0
2	9	14	148.0
3	0	14	443.0
3	1	14	448.0
3	2	14	413.0
3	3	14	441.0
3	4	14	436.0
3	5	14	395.0
3	6	14	350.0
3	7	14	323.0
3	8	14	276.0
3	9	14	277.0
4	0	14	769.0
4	1	14	732.0
4	2	14	730.0
4	3	14	752.0
4	4	14	746.0
4	5	14	739.0
4	6	14	769.0
4	7	14	770.0
4	8	14	764.0
4	9	14	727.0
5	0	14	1356.0
5	1	14	1444.0
5	2	14	1384.0
5	3	14	1324.0
5	4	14	1323.0
5	5	14	1376.0
5	6	14	1431.0
5	7	14	1374.0
5	8	14	1322.0
5	9	14	1298.0
6	0	14	1590.0
6	1	14	1638.0
6	2	14	1707.0
6	3	14	1715.0
6	4	14	1737.0
6	5	14	1763.0
6	6	14	1907.0
6	7	14	2024.0
6	8	14	1959.0
6	9	14	1890.0
7	0	14	1325.0
7	1	14	1389.0
7	2	14	1381.0
7	3	14	1488.0
7	4	14	1604.0
7	5	14	1606.0
7	6	14	1650.0
7	7	14	1748.0
7	8	14	1829.0
7	9	14	1807.0
8	0	14	2502.0
8	1	14	2434.0
8	2	14	2042.0
8	3	14	1867.0
8	4	14	1790.0
8	5	14	1365.0
8	6	14	1183.0
8	7	14	1014.0
8	8	14	890.0
8	9	14	816.0
9	0	14	1878.0
9	1	14	1851.0
9	2	14	1787.0
9	3	14	1586.0
9	4	14	1365.0
9	5	14	1188.0
9	6	14	1066.0
9	7	14	829.0
9	8	14	489.0
9	9	14	244.0
0	0	15	72.0
0	1	15	73.0
0	2	15	74.0
0	3	15	74.0
0	4	15	77.0
0	5	15	77.0
0	6	15	91.0
0	7	15	102.0
0	8	15	96.0
0	9	15	100.0
1	0	15	100.0
1	1	15	101.0
1	2	15	102.0
1	3	15	96.0
1	4	15	113.0
1	5	15	120.0
1	6	15	115.0
1	7	15	130.0
1	8	15	142.0
1	9	15	132.0
2	0	15	263.0
2	1	15	257.0
2	2	15	256.0
2	3	15	270.0
2	4	15	266.0
2	5	15	264.0
2	6	15	295.0
2	7	15	303.0
2	8	15	313.0
2	9	15	321.0
3	0	15	407.0
3	1	15	413.0
3	2	15	450.0
3	3	15	442.0
3	4	15	445.0
3	5	15	485.0
3	6	15	505.0
3	7	15	503.0
3	8	15	524.0
3	9	15	538.0
4	0	15	763.0
4	1	15	778.0
4	2	15	809.0
4	3	15	815.0
4	4	15	825.0
4	5	15	815.0
4	6	15	825.0
4	7	15	852.0
4	8	15	874.0
4	9	15	902.0
5	0	15	960.0
5	1	15	879.0
5	2	15	929.0
5	3	15	1013.0
5	4	15	1015.0
5	5	15	940.0
5	6	15	929.0
5	7	15	977.0
5	8	15	1021.0
5	9	15	1059.0
6	0	15	1031.0
6	1	15	956.0
6	2	15	909.0
6	3	15	896.0
6	4	15	801.0
6	5	15	755.0
6	6	15	652.0
6	7	15	549.0
6	8	15	558.0
6	9	15	556.0
7	0	15	1544.0
7	1	15	1469.0
7	2	15	1304.0
7	3	15	1118.0
7	4	15	900.0
7	5	15	686.0
7	6	15	475.0
7	7	15	328.0
7	8	15	257.0
7	9	15	178.0
8	0	15	1107.0
8	1	15	1073.0
8	2	15	1162.0
8	3	15	963.0
8	4	15	738.0
8	5	15	725.0
8	6	15	515.0
8	7	15	360.0
8	8	15	279.0
8	9	15	246.0
9	0	15	1480.0
9	1	15	1397.0
9	2	15	1281.0
9	3	15	1062.0
9	4	15	822.0
9	5	15	687.0
9	6	15	508.0
9	7	15	367.0
9	8	15	264.0
9	9	15	221.0
0	0	16	75.0
0	1	16	78.0
0	2	16	77.0
0	3	16	89.0
0	4	16	91.0
0	5	16	93.0
0	6	16	93.0
0	7	16	90.0
0	8	16	99.0
0	9	16	87.0
1	0	16	183.0
1	1	16	189.0
1	2	16	191.0
1	3	16	204.0
1	4	16	202.0
1	5	16	220.0
1	6	16	241.0
1	7	16	246.0
1	8	16	243.0
1	9	16	256.0
2	0	16	300.0
2	1	16	304.0
2	2	16	315.0
2	3	16	313.0
2	4	16	318.0
2	5	16	325.0
2	6	16	318.0
2	7	16	312.0
2	8	16	303.0
2	9	16	298.0
3	0	16	452.0
3	1	16	435.0
3	2	16	406.0
3	3	16	404.0
3	4	16	430.0
3	5	16	426.0
3	6	16	436.0
3	7	16	466.0
3	8	16	476.0
3	9	16	463.0
4	0	16	531.0
4	1	16	497.0
4	2	16	474.0
4	3	16	507.0
4	4	16	518.0
4	5	16	522.0
4	6	16	524.0
4	7	16	526.0
4	8	16	508.0
4	9	16	494.0
5	0	16	520.0
5	1	16	538.0
5	2	16	541.0
5	3	16	461.0
5	4	16	406.0
5	5	16	414.0
5	6	16	367.0
5	7	16	310.0
5	8	16	277.0
5	9	16	265.0
6	0	16	445.0
6	1	16	475.0
6	2	16	432.0
6	3	16	395.0
6	4	16	421.0
6	5	16	376.0
6	6	16	339.0
6	7	16	356.0
6	8	16	329.0
6	9	16	321.0
7	0	16	241.0
7	1	16	222.0
7	2	16	254.0
7	3	16	298.0
7	4	16	322.0
7	5	16	355.0
7	6	16	418.0
7	7	16	418.0
7	8	16	446.0
7	9	16	491.0
8	0	16	117.0
8	1	16	163.0
8	2	16	230.0
8	3	16	275.0
8	4	16	292.0
8	5	16	355.0
8	6	16	423.0
8	7	16	495.0
8	8	16	549.0
8	9	16	592.0
9	0	16	77.0
9	1	16	130.0
9	2	16	164.0
9	3	16	274.0
9	4	16	372.0
9	5	16	376.0
9	6	16	443.0
9	7	16	570.0
9	8	16	632.0
9	9	16	677.0
0	0	17	153.0
0	1	17	165.0
0	2	17	170.0
0	3	17	181.0
0	4	17	181.0
0	5	17	185.0
0	6	17	193.0
0	7	17	186.0
0	8	17	188.0
0	9	17	190.0
1	0	17	248.0
1	1	17	244.0
1	2	17	241.0
1	3	17	232.0
1	4	17	222.0
1	5	17	190.0
1	6	17	181.0
1	7	17	189.0
1	8	17	180.0
1	9	17	178.0
2	0	17	304.0
2	1	17	305.0
2	2	17	309.0
2	3	17	301.0
2	4	17	288.0
2	5	17	273.0
2	6	17	253.0
2	7	17	251.0
2	8	17	243.0
2	9	17	241.0
3	0	17	304.0
3	1	17	340.0
3	2	17	361.0
3	3	17	352.0
3	4	17	322.0
3	5	17	328.0
3	6	17	337.0
3	7	17	322.0
3	8	17	303.0
3	9	17	322.0
4	0	17	327.0
4	1	17	334.0
4	2	17	326.0
4	3	17	283.0
4	4	17	248.0
4	5	17	239.0
4	6	17	231.0
4	7	17	198.0
4	8	17	184.0
4	9	17	203.0
5	0	17	169.0
5	1	17	179.0
5	2	17	181.0
5	3	17	219.0
5	4	17	237.0
5	5	17	237.0
5	6	17	259.0
5	7	17	289.0
5	8	17	299.0
5	9	17	286.0
6	0	17	56.0
6	1	17	59.0
6	2	17	97.0
6	3	17	147.0
6	4	17	180.0
6	5	17	236.0
6	6	17	284.0
6	7	17	331.0
6	8	17	350.0
6	9	17	364.0
7	0	17	116.0
7	1	17	121.0
7	2	17	118.0
7	3	17	146.0
7	4	17	186.0
7	5	17	247.0
7	6	17	304.0
7	7	17	326.0
7	8	17	338.0
7	9	17	358.0
8	0	17	117.0
8	1	17	126.0
8	2	17	157.0
8	3	17	206.0
8	4	17	233.0
8	5	17	277.0
8	6	17	321.0
8	7	17	349.0
8	8	17	358.0
8	9	17	318.0
9	0	17	104.0
9	1	17	109.0
9	2	17	123.0
9	3	17	202.0
9	4	17	250.0
9	5	17	255.0
9	6	17	289.0
9	7	17	287.0
9	8	17	317.0
9	9	17	310.0
0	0	18	230.0
0	1	18	224.0
0	2	18	228.0
0	3	18	215.0
0	4	18	224.0
0	5	18	221.0
0	6	18	204.0
0	7	18	210.0
0	8	18	205.0
0	9	18	207.0
1	0	18	236.0
1	1	18	232.0
1	2	18	240.0
1	3	18	236.0
1	4	18	234.0
1	5	18	218.0
1	6	18	205.0
1	7	18	180.0
1	8	18	170.0
1	9	18	171.0
2	0	18	206.0
2	1	18	199.0
2	2	18	199.0
2	3	18	211.0
2	4	18	211.0
2	5	18	203.0
2	6	18	215.0
2	7	18	212.0
2	8	18	211.0
2	9	18	222.0
3	0	18	182.0
3	1	18	171.0
3	2	18	169.0
3	3	18	168.0
3	4	18	163.0
3	5	18	147.0
3	6	18	133.0
3	7	18	151.0
3	8	18	155.0
3	9	18	129.0
4	0	18	64.0
4	1	18	82.0
4	2	18	94.0
4	3	18	105.0
4	4	18	144.0
4	5	18	172.0
4	6	18	173.0
4	7	18	191.0
4	8	18	199.0
4	9	18	200.0
5	0	18	107.0
5	1	18	109.0
5	2	18	119.0
5	3	18	134.0
5	4	18	141.0
5	5	18	154.0
5	6	18	183.0
5	7	18	177.0
5	8	18	171.0
5	9	18	174.0
6	0	18	151.0
6	1	18	151.0
6	2	18	169.0
6	3	18	177.0
6	4	18	170.0
6	5	18	164.0
6	6	18	153.0
6	7	18	134.0
6	8	18	133.0
6	9	18	125.0
7	0	18	140.0
7	1	18	163.0
7	2	18	169.0
7	3	18	159.0
7	4	18	159.0
7	5	18	161.0
7	6	18	123.0
7	7	18	119.0
7	8	18	125.0
7	9	18	115.0
8	0	18	208.0
8	1	18	213.0
8	2	18	182.0
8	3	18	169.0
8	4	18	164.0
8	5	18	128.0
8	6	18	108.0
8	7	18	113.0
8	8	18	103.0
8	9	18	99.0
9	0	18	220.0
9	1	18	226.0
9	2	18	226.0
9	3	18	178.0
9	4	18	151.0
9	5	18	173.0
9	6	18	152.0
9	7	18	140.0
9	8	18	133.0
9	9	18	130.0
0	0	19	222.0
0	1	19	222.0
0	2	19	215.0
0	3	19	214.0
0	4	19	194.0
0	5	19	189.0
0	6	19	201.0
0	7	19	193.0
0	8	19	182.0
0	9	19	167.0
1	0	19	142.0
1	1	19	144.0
1	2	19	139.0
1	3	19	143.0
1	4	19	155.0
1	5	19	178.0
1	6	19	183.0
1	7	19	198.0
1	8	19	201.0
1	9	19	200.0
2	0	19	115.0
2	1	19	122.0
2	2	19	113.0
2	3	19	103.0
2	4	19	117.0
2	5	19	133.0
2	6	19	118.0
2	7	19	107.0
2	8	19	113.0
2	9	19	115.0
3	0	19	49.0
3	1	19	57.0
3	2	19	59.0
3	3	19	68.0
3	4	19	75.0
3	5	19	90.0
3	6	19	110.0
3	7	19	106.0
3	8	19	107.0
3	9	19	118.0
4	0	19	95.0
4	1	19	92.0
4	2	19	98.0
4	3	19	106.0
4	4	19	98.0
4	5	19	83.0
4	6	19	85.0
4	7	19	96.0
4	8	19	86.0
4	9	19	77.0
5	0	19	100.0
5	1	19	104.0
5	2	19	102.0
5	3	19	93.0
5	4	19	74.0
5	5	19	78.0
5	6	19	65.0
5	7	19	54.0
5	8	19	66.0
5	9	19	66.0
6	0	19	94.0
6	1	19	114.0
6	2	19	94.0
6	3	19	79.0
6	4	19	72.0
6	5	19	62.0
6	6	19	57.0
6	7	19	42.0
6	8	19	40.0
6	9	19	42.0
7	0	19	119.0
7	1	19	99.0
7	2	19	104.0
7	3	19	104.0
7	4	19	92.0
7	5	19	67.0
7	6	19	63.0
7	7	19	57.0
7	8	19	38.0
7	9	19	38.0
8	0	19	80.0
8	1	19	68.0
8	2	19	86.0
8	3	19	88.0
8	4	19	77.0
8	5	19	68.0
8	6	19	67.0
8	7	19	55.0
8	8	19	53.0
8	9	19	51.0
9	0	19	82.0
9	1	19	85.0
9	2	19	101.0
9	3	19	88.0
9	4	19	85.0
9	5	19	70.0
9	6	19	57.0
9	7	19	34.0
9	8	19	24.0
9	9	19	20.0
0	0	20	146.0
0	1	20	144.0
0	2	20	147.0
0	3	20	146.0
0	4	20	145.0
0	5	20	142.0
0	6	20	143.0
0	7	20	149.0
0	8	20	146.0
0	9	20	147.0
1	0	20	98.0
1	1	20	100.0
1	2	20	103.0
1	3	20	109.0
1	4	20	108.0
1	5	20	105.0
1	6	20	112.0
1	7	20	117.0
1	8	20	109.0
1	9	20	112.0
2	0	20	86.0
2	1	20	82.0
2	2	20	89.0
2	3	20	97.0
2	4	20	88.0
2	5	20	77.0
2	6	20	81.0
2	7	20	86.0
2	8	20	81.0
2	9	20	77.0
3	0	20	91.0
3	1	20	91.0
3	2	20	96.0
3	3	20	84.0
3	4	20	83.0
3	5	20	77.0
3	6	20	67.0
3	7	20	59.0
3	8	20	63.0
3	9	20	70.0
4	0	20	59.0
4	1	20	58.0
4	2	20	48.0
4	3	20	45.0
4	4	20	47.0
4	5	20	44.0
4	6	20	44.0
4	7	20	36.0
4	8	20	32.0
4	9	20	29.0
5	0	20	50.0
5	1	20	49.0
5	2	20	50.0
5	3	20	43.0
5	4	20	47.0
5	5	20	46.0
5	6	20	43.0
5	7	20	40.0
5	8	20	34.0
5	9	20	32.0
6	0	20	174.0
6	1	20	76.0
6	2	20	48.0
6	3	20	46.0
6	4	20	43.0
6	5	20	43.0
6	6	20	48.0
6	7	20	52.0
6	8	20	48.0
6	9	20	50.0
7	0	20	26.0
7	1	20	36.0
7	2	20	29.0
7	3	20	26.0
7	4	20	31.0
7	5	20	37.0
7	6	20	36.0
7	7	20	42.0
7	8	20	47.0
7	9	20	40.0
8	0	20	40.0
8	1	20	48.0
8	2	20	42.0
8	3	20	28.0
8	4	20	32.0
8	5	20	35.0
8	6	20	31.0
8	7	20	40.0
8	8	20	39.0
8	9	20	34.0
9	0	20	51.0
9	1	20	49.0
9	2	20	38.0
9	3	20	35.0
9	4	20	30.0
9	5	20	27.0
9	6	20	34.0
9	7	20	41.0
9	8	20	185.0
9	9	20	722.0
0	0	21	66.0
0	1	21	67.0
0	2	21	64.0
0	3	21	72.0
0	4	21	79.0
0	5	21	84.0
0	6	21	76.0
0	7	21	72.0
0	8	21	80.0
0	9	21	87.0
1	0	21	92.0
1	1	21	101.0
1	2	21	104.0
1	3	21	97.0
1	4	21	95.0
1	5	21	100.0
1	6	21	93.0
1	7	21	91.0
1	8	21	87.0
1	9	21	88.0
2	0	21	75.0
2	1	21	83.0
2	2	21	80.0
2	3	21	68.0
2	4	21	71.0
2	5	21	79.0
2	6	21	71.0
2	7	21	66.0
2	8	21	73.0
2	9	21	75.0
3	0	21	58.0
3	1	21	54.0
3	2	21	52.0
3	3	21	53.0
3	4	21	51.0
3	5	21	52.0
3	6	21	45.0
3	7	21	43.0
3	8	21	41.0
3	9	21	34.0
4	0	21	39.0
4	1	21	39.0
4	2	21	40.0
4	3	21	33.0
4	4	21	34.0
4	5	21	38.0
4	6	21	36.0
4	7	21	42.0
4	8	21	39.0
4	9	21	42.0
5	0	21	20.0
5	1	21	21.0
5	2	21	18.0
5	3	21	22.0
5	4	21	23.0
5	5	21	27.0
5	6	21	25.0
5	7	21	31.0
5	8	21	38.0
5	9	21	38.0
6	0	21	20.0
6	1	21	21.0
6	2	21	24.0
6	3	21	22.0
6	4	21	18.0
6	5	21	21.0
6	6	21	21.0
6	7	21	13.0
6	8	21	18.0
6	9	21	22.0
7	0	21	22.0
7	1	21	23.0
7	2	21	20.0
7	3	21	16.0
7	4	21	17.0
7	5	21	15.0
7	6	21	17.0
7	7	21	17.0
7	8	21	15.0
7	9	21	22.0
8	0	21	11.0
8	1	21	11.0
8	2	21	12.0
8	3	21	19.0
8	4	21	21.0
8	5	21	21.0
8	6	21	27.0
8	7	21	31.0
8	8	21	37.0
8	9	21	43.0
9	0	21	11.0
9	1	21	12.0
9	2	21	16.0
9	3	21	18.0
9	4	21	21.0
9	5	21	32.0
9	6	21	46.0
9	7	21	74.0
9	8	21	65.0
9	9	21	45.0
0	0	22	51.0
0	1	22	48.0
0	2	22	48.0
0	3	22	45.0
0	4	22	39.0
0	5	22	34.0
0	6	22	36.0
0	7	22	34.0
0	8	22	32.0
0	9	22	33.0
1	0	22	35.0
1	1	22	31.0
1	2	22	32.0
1	3	22	35.0
1	4	22	40.0
1	5	22	40.0
1	6	22	42.0
1	7	22	41.0
1	8	22	49.0
1	9	22	41.0
2	0	22	48.0
2	1	22	44.0
2	2	22	45.0
2	3	22	49.0
2	4	22	45.0
2	5	22	40.0
2	6	22	48.0
2	7	22	54.0
2	8	22	50.0
2	9	22	50.0
3	0	22	44.0
3	1	22	41.0
3	2	22	40.0
3	3	22	45.0
3	4	22	40.0
3	5	22	41.0
3	6	22	47.0
3	7	22	48.0
3	8	22	47.0
3	9	22	49.0
4	0	22	27.0
4	1	22	25.0
4	2	22	27.0
4	3	22	29.0
4	4	22	29.0
4	5	22	27.0
4	6	22	28.0
4	7	22	25.0
4	8	22	32.0
4	9	22	26.0
5	0	22	19.0
5	1	22	14.0
5	2	22	17.0
5	3	22	16.0
5	4	22	13.0
5	5	22	13.0
5	6	22	17.0
5	7	22	15.0
5	8	22	13.0
5	9	22	20.0
6	0	22	9.0
6	1	22	10.0
6	2	22	11.0
6	3	22	12.0
6	4	22	13.0
6	5	22	15.0
6	6	22	13.0
6	7	22	17.0
6	8	22	20.0
6	9	22	17.0
7	0	22	12.0
7	1	22	11.0
7	2	22	14.0
7	3	22	17.0
7	4	22	20.0
7	5	22	20.0
7	6	22	23.0
7	7	22	22.0
7	8	22	29.0
7	9	22	25.0
8	0	22	19.0
8	1	22	19.0
8	2	22	18.0
8	3	22	20.0
8	4	22	24.0
8	5	22	22.0
8	6	22	28.0
8	7	22	29.0
8	8	22	34.0
8	9	22	33.0
9	0	22	15.0
9	1	22	16.0
9	2	22	19.0
9	3	22	21.0
9	4	22	21.0
9	5	22	22.0
9	6	22	20.0
9	7	22	22.0
9	8	22	28.0
9	9	22	25.0
0	0	23	13.0
0	1	23	14.0
0	2	23	15.0
0	3	23	14.0
0	4	23	18.0
0	5	23	18.0
0	6	23	18.0
0	7	23	21.0
0	8	23	23.0
0	9	23	20.0
1	0	23	12.0
1	1	23	14.0
1	2	23	11.0
1	3	23	9.0
1	4	23	7.0
1	5	23	6.0
1	6	23	6.0
1	7	23	7.0
1	8	23	8.0
1	9	23	10.0
2	0	23	11.0
2	1	23	11.0
2	2	23	10.0
2	3	23	13.0
2	4	23	19.0
2	5	23	19.0
2	6	23	21.0
2	7	23	22.0
2	8	23	23.0
2	9	23	22.0
3	0	23	22.0
3	1	23	26.0
3	2	23	25.0
3	3	23	22.0
3	4	23	26.0
3	5	23	27.0
3	6	23	30.0
3	7	23	31.0
3	8	23	31.0
3	9	23	34.0
4	0	23	26.0
4	1	23	27.0
4	2	23	24.0
4	3	23	25.0
4	4	23	24.0
4	5	23	23.0
4	6	23	24.0
4	7	23	24.0
4	8	23	22.0
4	9	23	26.0
5	0	23	12.0
5	1	23	12.0
5	2	23	14.0
5	3	23	16.0
5	4	23	16.0
5	5	23	18.0
5	6	23	18.0
5	7	23	14.0
5	8	23	13.0
5	9	23	14.0
6	0	23	8.0
6	1	23	12.0
6	2	23	10.0
6	3	23	9.0
6	4	23	10.0
6	5	23	10.0
6	6	23	13.0
6	7	23	15.0
6	8	23	13.0
6	9	23	15.0
7	0	23	9.0
7	1	23	9.0
7	2	23	7.0
7	3	23	9.0
7	4	23	11.0
7	5	23	10.0
7	6	23	8.0
7	7	23	8.0
7	8	23	3.0
7	9	23	4.0
8	0	23	4.0
8	1	23	5.0
8	2	23	10.0
8	3	23	14.0
8	4	23	14.0
8	5	23	15.0
8	6	23	12.0
8	7	23	6.0
8	8	23	4.0
8	9	23	3.0
9	0	23	8.0
9	1	23	11.0
9	2	23	11.0
9	3	23	13.0
9	4	23	15.0
9	5	23	13.0
9	6	23	13.0
9	7	23	13.0
9	8	23	11.0
9	9	23	9.0
0	0	24	5.0
0	1	24	5.0
0	2	24	4.0
0	3	24	5.0
0	4	24	4.0
0	5	24	3.0
0	6	24	3.0
0	7	24	2.0
0	8	24	1.0
0	9	24	2.0
1	0	24	4.0
1	1	24	4.0
1	2	24	6.0
1	3	24	6.0
1	4	24	6.0
1	5	24	9.0
1	6	24	10.0
1	7	24	10.0
1	8	24	11.0
1	9	24	12.0
2	0	24	4.0
2	1	24	4.0
2	2	24	3.0
2	3	24	4.0
2	4	24	3.0
2	5	24	2.0
2	6	24	3.0
2	7	24	2.0
2	8	24	1.0
2	9	24	2.0
3	0	24	10.0
3	1	24	7.0
3	2	24	5.0
3	3	24	6.0
3	4	24	5.0
3	5	24	5.0
3	6	24	5.0
3	7	24	4.0
3	8	24	2.0
3	9	24	3.0
4	0	24	7.0
4	1	24	8.0
4	2	24	8.0
4	3	24	6.0
4	4	24	6.0
4	5	24	9.0
4	6	24	10.0
4	7	24	10.0
4	8	24	10.0
4	9	24	9.0
5	0	24	5.0
5	1	24	5.0
5	2	24	6.0
5	3	24	5.0
5	4	24	5.0
5	5	24	4.0
5	6	24	5.0
5	7	24	8.0
5	8	24	10.0
5	9	24	9.0
6	0	24	10.0
6	1	24	8.0
6	2	24	9.0
6	3	24	8.0
6	4	24	6.0
6	5	24	4.0
6	6	24	5.0
6	7	24	4.0
6	8	24	3.0
6	9	24	4.0
7	0	24	10.0
7	1	24	9.0
7	2	24	10.0
7	3	24	8.0
7	4	24	8.0
7	5	24	7.0
7	6	24	7.0
7	7	24	7.0
7	8	24	7.0
7	9	24	6.0
8	0	24	8.0
8	1	24	8.0
8	2	24	6.0
8	3	24	4.0
8	4	24	3.0
8	5	24	2.0
8	6	24	2.0
8	7	24	4.0
8	8	24	5.0
8	9	24	4.0
9	0	24	8.0
9	1	24	7.0
9	2	24	8.0
9	3	24	6.0
9	4	24	7.0
9	5	24	5.0
9	6	24	6.0
9	7	24	5.0
9	8	24	5.0
9	9	24	4.0
0	0	25	3.0
0	1	25	3.0
0	2	25	4.0
0	3	25	6.0
0	4	25	6.0
0	5	25	7.0
0	6	25	8.0
0	7	25	9.0
0	8	25	10.0
0	9	25	9.0
1	0	25	9.0
1	1	25	9.0
1	2	25	7.0
1	3	25	8.0
1	4	25	6.0
1	5	25	4.0
1	6	25	3.0
1	7	25	1.0
1	8	25	1.0
1	9	25	0.0
2	0	25	6.0
2	1	25	6.0
2	2	25	7.0
2	3	25	6.0
2	4	25	6.0
2	5	25	7.0
2	6	25	6.0
2	7	25	7.0
2	8	25	7.0
2	9	25	7.0
3	0	25	195.0
3	1	25	173.0
3	2	25	126.0
3	3	25	68.0
3	4	25	27.0
3	5	25	2.0
3	6	25	1.0
3	7	25	1.0
3	8	25	2.0
3	9	25	1.0
4	0	25	1126.0
4	1	25	1103.0
4	2	25	1029.0
4	3	25	901.0
4	4	25	800.0
4	5	25	606.0
4	6	25	368.0
4	7	25	180.0
4	8	25	25.0
4	9	25	1.0
5	0	25	1400.0
5	1	25	1358.0
5	2	25	1287.0
5	3	25	1188.0
5	4	25	1026.0
5	5	25	884.0
5	6	25	662.0
5	7	25	435.0
5	8	25	225.0
5	9	25	30.0
6	0	25	1124.0
6	1	25	1101.0
6	2	25	1028.0
6	3	25	901.0
6	4	25	801.0
6	5	25	607.0
6	6	25	370.0
6	7	25	181.0
6	8	25	26.0
6	9	25	1.0
7	0	25	195.0
7	1	25	176.0
7	2	25	129.0
7	3	25	70.0
7	4	25	29.0
7	5	25	6.0
7	6	25	6.0
7	7	25	7.0
7	8	25	6.0
7	9	25	5.0
8	0	25	10.0
8	1	25	11.0
8	2	25	10.0
8	3	25	9.0
8	4	25	9.0
8	5	25	10.0
8	6	25	11.0
8	7	25	12.0
8	8	25	12.0
8	9	25	10.0
9	0	25	7.0
9	1	25	6.0
9	2	25	5.0
9	3	25	6.0
9	4	25	6.0
9	5	25	7.0
9	6	25	6.0
9	7	25	6.0
9	8	25	5.0
9	9	25	4.0
0	0	26	9.0
0	1	26	10.0
0	2	26	10.0
0	3	26	8.0
0	4	26	8.0
0	5	26	8.0
0	6	26	6.0
0	7	26	5.0
0	8	26	5.0
0	9	26	4.0
1	0	26	2.0
1	1	26	2.0
1	2	26	2.0
1	3	26	1.0
1	4	26	3.0
1	5	26	4.0
1	6	26	4.0
1	7	26	6.0
1	8	26	6.0
1	9	26	6.0
2	0	26	370.0
2	1	26	351.0
2	2	26	329.0
2	3	26	296.0
2	4	26	239.0
2	5	26	186.0
2	6	26	111.0
2	7	26	28.0
2	8	26	1.0
2	9	26	0.0
3	0	26	498.0
3	1	26	505.0
3	2	26	530.0
3	3	26	555.0
3	4	26	556.0
3	5	26	538.0
3	6	26	495.0
3	7	26	448.0
3	8	26	450.0
3	9	26	504.0
4	0	26	0.0
4	1	26	0.0
4	2	26	23.0
4	3	26	87.0
4	4	26	99.0
4	5	26	206.0
4	6	26	437.0
4	7	26	684.0
4	8	26	832.0
4	9	26	864.0
5	0	26	1.0
5	1	26	0.0
5	2	26	1.0
5	3	26	1.0
5	4	26	57.0
5	5	26	116.0
5	6	26	359.0
5	7	26	581.0
5	8	26	767.0
5	9	26	996.0
6	0	26	2.0
6	1	26	3.0
6	2	26	26.0
6	3	26	90.0
6	4	26	103.0
6	5	26	211.0
6	6	26	441.0
6	7	26	689.0
6	8	26	838.0
6	9	26	870.0
7	0	26	496.0
7	1	26	502.0
7	2	26	526.0
7	3	26	552.0
7	4	26	554.0
7	5	26	535.0
7	6	26	493.0
7	7	26	445.0
7	8	26	447.0
7	9	26	503.0
8	0	26	371.0
8	1	26	351.0
8	2	26	328.0
8	3	26	294.0
8	4	26	237.0
8	5	26	184.0
8	6	26	109.0
8	7	26	27.0
8	8	26	1.0
8	9	26	2.0
9	0	26	4.0
9	1	26	5.0
9	2	26	5.0
9	3	26	3.0
9	4	26	4.0
9	5	26	4.0
9	6	26	4.0
9	7	26	4.0
9	8	26	4.0
9	9	26	5.0
0	0	27	3.0
0	1	27	2.0
0	2	27	2.0
0	3	27	3.0
0	4	27	3.0
0	5	27	3.0
0	6	27	4.0
0	7	27	4.0
0	8	27	3.0
0	9	27	4.0
1	0	27	214.0
1	1	27	213.0
1	2	27	211.0
1	3	27	208.0
1	4	27	198.0
1	5	27	178.0
1	6	27	153.0
1	7	27	136.0
1	8	27	108.0
1	9	27	62.0
2	0	27	13.0
2	1	27	26.0
2	2	27	40.0
2	3	27	64.0
2	4	27	101.0
2	5	27	181.0
2	6	27	303.0
2	7	27	392.0
2	8	27	423.0
2	9	27	447.0
3	0	27	2.0
3	1	27	3.0
3	2	27	20.0
3	3	27	91.0
3	4	27	135.0
3	5	27	171.0
3	6	27	218.0
3	7	27	245.0
3	8	27	232.0
3	9	27	165.0
4	0	27	5.0
4	1	27	57.0
4	2	27	119.0
4	3	27	153.0
4	4	27	196.0
4	5	27	239.0
4	6	27	194.0
4	7	27	96.0
4	8	27	69.0
4	9	27	40.0
5	0	27	14.0
5	1	27	87.0
5	2	27	135.0
5	3	27	170.0
5	4	27	226.0
5	5	27	215.0
5	6	27	119.0
5	7	27	68.0
5	8	27	50.0
5	9	27	0.0
6	0	27	1.0
6	1	27	53.0
6	2	27	115.0
6	3	27	150.0
6	4	27	193.0
6	5	27	235.0
6	6	27	190.0
6	7	27	92.0
6	8	27	65.0
6	9	27	36.0
7	0	27	4.0
7	1	27	4.0
7	2	27	22.0
7	3	27	93.0
7	4	27	136.0
7	5	27	171.0
7	6	27	218.0
7	7	27	245.0
7	8	27	233.0
7	9	27	163.0
8	0	27	14.0
8	1	27	28.0
8	2	27	42.0
8	3	27	65.0
8	4	27	103.0
8	5	27	182.0
8	6	27	302.0
8	7	27	392.0
8	8	27	422.0
8	9	27	446.0
9	0	27	212.0
9	1	27	211.0
9	2	27	209.0
9	3	27	207.0
9	4	27	196.0
9	5	27	175.0
9	6	27	150.0
9	7	27	133.0
9	8	27	105.0
9	9	27	58.0
0	0	28	127.0
0	1	28	127.0
0	2	28	125.0
0	3	28	124.0
0	4	28	120.0
0	5	28	117.0
0	6	28	112.0
0	7	28	109.0
0	8	28	121.0
0	9	28	139.0
1	0	28	0.0
1	1	28	0.0
1	2	28	9.0
1	3	28	47.0
1	4	28	72.0
1	5	28	99.0
1	6	28	133.0
1	7	28	156.0
1	8	28	190.0
1	9	28	227.0
2	0	28	63.0
2	1	28	77.0
2	2	28	93.0
2	3	28	116.0
2	4	28	130.0
2	5	28	102.0
2	6	28	46.0
2	7	28	35.0
2	8	28	22.0
2	9	28	4.0
3	0	28	169.0
3	1	28	170.0
3	2	28	126.0
3	3	28	64.0
3	4	28	34.0
3	5	28	24.0
3	6	28	0.0
3	7	28	1.0
3	8	28	2.0
3	9	28	1.0
4	0	28	221.0
4	1	28	165.0
4	2	28	98.0
4	3	28	46.0
4	4	28	12.0
4	5	28	1.0
4	6	28	1.0
4	7	28	0.0
4	8	28	0.0
4	9	28	0.0
5	0	28	225.0
5	1	28	148.0
5	2	28	98.0
5	3	28	59.0
5	4	28	2.0
5	5	28	2.0
5	6	28	2.0
5	7	28	4.0
5	8	28	4.0
5	9	28	4.0
6	0	28	220.0
6	1	28	164.0
6	2	28	97.0
6	3	28	45.0
6	4	28	11.0
6	5	28	0.0
6	6	28	0.0
6	7	28	0.0
6	8	28	0.0
6	9	28	0.0
7	0	28	169.0
7	1	28	170.0
7	2	28	126.0
7	3	28	64.0
7	4	28	34.0
7	5	28	24.0
7	6	28	0.0
7	7	28	0.0
7	8	28	0.0
7	9	28	0.0
8	0	28	63.0
8	1	28	77.0
8	2	28	92.0
8	3	28	116.0
8	4	28	128.0
8	5	28	100.0
8	6	28	44.0
8	7	28	32.0
8	8	28	18.0
8	9	28	0.0
9	0	28	125.0
9	1	28	124.0
9	2	28	132.0
9	3	28	166.0
9	4	28	189.0
9	5	28	210.0
9	6	28	241.0
9	7	28	263.0
9	8	28	309.0
9	9	28	365.0
0	0	29	94.0
0	1	29	119.0
0	2	29	129.0
0	3	29	137.0
0	4	29	151.0
0	5	29	156.0
0	6	29	175.0
0	7	29	189.0
0	8	29	177.0
0	9	29	158.0
1	0	29	126.0
1	1	29	120.0
1	2	29	98.0
1	3	29	43.0
1	4	29	22.0
1	5	29	16.0
1	6	29	2.0
1	7	29	0.0
1	8	29	0.0
1	9	29	0.0
2	0	29	105.0
2	1	29	93.0
2	2	29	74.0
2	3	29	49.0
2	4	29	33.0
2	5	29	9.0
2	6	29	0.0
2	7	29	0.0
2	8	29	0.0
2	9	29	0.0
3	0	29	34.0
3	1	29	34.0
3	2	29	66.0
3	3	29	72.0
3	4	29	55.0
3	5	29	43.0
3	6	29	24.0
3	7	29	0.0
3	8	29	0.0
3	9	29	0.0
4	0	29	12.0
4	1	29	20.0
4	2	29	34.0
4	3	29	64.0
4	4	29	72.0
4	5	29	55.0
4	6	29	43.0
4	7	29	23.0
4	8	29	0.0
4	9	29	0.0
5	0	29	4.0
5	1	29	20.0
5	2	29	28.0
5	3	29	50.0
5	4	29	73.0
5	5	29	58.0
5	6	29	47.0
5	7	29	29.0
5	8	29	4.0
5	9	29	0.0
6	0	29	12.0
6	1	29	20.0
6	2	29	34.0
6	3	29	64.0
6	4	29	72.0
6	5	29	55.0
6	6	29	43.0
6	7	29	23.0
6	8	29	0.0
6	9	29	0.0
7	0	29	38.0
7	1	29	38.0
7	2	29	68.0
7	3	29	72.0
7	4	29	55.0
7	5	29	43.0
7	6	29	24.0
7	7	29	0.0
7	8	29	0.0
7	9	29	0.0
8	0	29	189.0
8	1	29	177.0
8	2	29	157.0
8	3	29	131.0
8	4	29	113.0
8	5	29	90.0
8	6	29	95.0
8	7	29	108.0
8	8	29	112.0
8	9	29	112.0
9	0	29	132.0
9	1	29	150.0
9	2	29	141.0
9	3	29	98.0
9	4	29	89.0
9	5	29	91.0
9	6	29	80.0
9	7	29	78.0
9	8	29	65.0
9	9	29	46.0
0	0	30	138.0
0	1	30	103.0
0	2	30	86.0
0	3	30	80.0
0	4	30	69.0
0	5	30	50.0
0	6	30	30.0
0	7	30	15.0
0	8	30	10.0
0	9	30	8.0
1	0	30	56.0
1	1	30	56.0
1	2	30	71.0
1	3	30	92.0
1	4	30	98.0
1	5	30	103.0
1	6	30	103.0
1	7	30	97.0
1	8	30	87.0
1	9	30	84.0
2	0	30	8.0
2	1	30	7.0
2	2	30	11.0
2	3	30	14.0
2	4	30	22.0
2	5	30	38.0
2	6	30	43.0
2	7	30	34.0
2	8	30	29.0
2	9	30	23.0
3	0	30	0.0
3	1	30	0.0
3	2	30	0.0
3	3	30	0.0
3	4	30	10.0
3	5	30	13.0
3	6	30	25.0
3	7	30	45.0
3	8	30	50.0
3	9	30	54.0
4	0	30	0.0
4	1	30	0.0
4	2	30	0.0
4	3	30	0.0
4	4	30	0.0
4	5	30	10.0
4	6	30	13.0
4	7	30	30.0
4	8	30	67.0
4	9	30	65.0
5	0	30	0.0
5	1	30	0.0
5	2	30	0.0
5	3	30	0.0
5	4	30	0.0
5	5	30	8.0
5	6	30	11.0
5	7	30	33.0
5	8	30	65.0
5	9	30	69.0
6	0	30	8.0
6	1	30	7.0
6	2	30	5.0
6	3	30	4.0
6	4	30	3.0
6	5	30	11.0
6	6	30	13.0
6	7	30	30.0
6	8	30	67.0
6	9	30	65.0
7	0	30	44.0
7	1	30	43.0
7	2	30	45.0
7	3	30	49.0
7	4	30	65.0
7	5	30	83.0
7	6	30	99.0
7	7	30	121.0
7	8	30	133.0
7	9	30	138.0
8	0	30	55.0
8	1	30	42.0
8	2	30	48.0
8	3	30	53.0
8	4	30	64.0
8	5	30	80.0
8	6	30	74.0
8	7	30	50.0
8	8	30	40.0
8	9	30	33.0
9	0	30	93.0
9	1	30	72.0
9	2	30	70.0
9	3	30	80.0
9	4	30	67.0
9	5	30	40.0
9	6	30	29.0
9	7	30	21.0
9	8	30	4.0
9	9	30	0.0
0	0	31	25.0
0	1	31	39.0
0	2	31	47.0
0	3	31	50.0
0	4	31	53.0
0	5	31	63.0
0	6	31	66.0
0	7	31	51.0
0	8	31	30.0
0	9	31	40.0
1	0	31	72.0
1	1	31	70.0
1	2	31	65.0
1	3	31	45.0
1	4	31	30.0
1	5	31	23.0
1	6	31	23.0
1	7	31	47.0
1	8	31	66.0
1	9	31	71.0
2	0	31	32.0
2	1	31	33.0
2	2	31	41.0
2	3	31	57.0
2	4	31	66.0
2	5	31	86.0
2	6	31	103.0
2	7	31	118.0
2	8	31	131.0
2	9	31	137.0
3	0	31	14.0
3	1	31	13.0
3	2	31	12.0
3	3	31	11.0
3	4	31	26.0
3	5	31	33.0
3	6	31	33.0
3	7	31	41.0
3	8	31	32.0
3	9	31	26.0
4	0	31	0.0
4	1	31	0.0
4	2	31	0.0
4	3	31	13.0
4	4	31	25.0
4	5	31	30.0
4	6	31	38.0
4	7	31	35.0
4	8	31	18.0
4	9	31	17.0
5	0	31	14.0
5	1	31	13.0
5	2	31	12.0
5	3	31	28.0
5	4	31	35.0
5	5	31	35.0
5	6	31	43.0
5	7	31	30.0
5	8	31	16.0
5	9	31	13.0
6	0	31	32.0
6	1	31	33.0
6	2	31	41.0
6	3	31	70.0
6	4	31	91.0
6	5	31	100.0
6	6	31	115.0
6	7	31	115.0
6	8	31	98.0
6	9	31	97.0
7	0	31	72.0
7	1	31	70.0
7	2	31	65.0
7	3	31	45.0
7	4	31	48.0
7	5	31	43.0
7	6	31	40.0
7	7	31	48.0
7	8	31	33.0
7	9	31	26.0
8	0	31	25.0
8	1	31	39.0
8	2	31	40.0
8	3	31	40.0
8	4	31	37.0
8	5	31	46.0
8	6	31	52.0
8	7	31	51.0
8	8	31	51.0
8	9	31	57.0
9	0	31	0.0
9	1	31	0.0
9	2	31	7.0
9	3	31	10.0
9	4	31	16.0
9	5	31	41.0
9	6	31	53.0
9	7	31	77.0
9	8	31	95.0
9	9	31	111.0
0	0	32	0.0
0	1	32	0.0
0	2	32	0.0
0	3	32	0.0
0	4	32	7.0
0	5	32	21.0
0	6	32	30.0
0	7	32	51.0
0	8	32	77.0
0	9	32	67.0
1	0	32	8.0
1	1	32	8.0
1	2	32	15.0
1	3	32	41.0
1	4	32	51.0
1	5	32	49.0
1	6	32	48.0
1	7	32	30.0
1	8	32	19.0
1	9	32	12.0
2	0	32	57.0
2	1	32	62.0
2	2	32	60.0
2	3	32	51.0
2	4	32	46.0
2	5	32	28.0
2	6	32	12.0
2	7	32	9.0
2	8	32	0.0
2	9	32	0.0
3	0	32	37.0
3	1	32	51.0
3	2	32	63.0
3	3	32	70.0
3	4	32	62.0
3	5	32	59.0
3	6	32	68.0
3	7	32	61.0
3	8	32	64.0
3	9	32	64.0
4	0	32	41.0
4	1	32	44.0
4	2	32	51.0
4	3	32	42.0
4	4	32	30.0
4	5	32	24.0
4	6	32	12.0
4	7	32	6.0
4	8	32	2.0
4	9	32	0.0
5	0	32	48.0
5	1	32	56.0
5	2	32	68.0
5	3	32	57.0
5	4	32	55.0
5	5	32	60.0
5	6	32	59.0
5	7	32	61.0
5	8	32	64.0
5	9	32	64.0
6	0	32	73.0
6	1	32	74.0
6	2	32	72.0
6	3	32	48.0
6	4	32	28.0
6	5	32	19.0
6	6	32	5.0
6	7	32	0.0
6	8	32	0.0
6	9	32	0.0
7	0	32	17.0
7	1	32	25.0
7	2	32	34.0
7	3	32	57.0
7	4	32	47.0
7	5	32	34.0
7	6	32	28.0
7	7	32	15.0
7	8	32	11.0
7	9	32	4.0
8	0	32	1.0
8	1	32	8.0
8	2	32	15.0
8	3	32	23.0
8	4	32	31.0
8	5	32	26.0
8	6	32	20.0
8	7	32	35.0
8	8	32	39.0
8	9	32	37.0
9	0	32	0.0
9	1	32	0.0
9	2	32	4.0
9	3	32	13.0
9	4	32	23.0
9	5	32	32.0
9	6	32	41.0
9	7	32	35.0
9	8	32	39.0
9	9	32	30.0
0	0	33	1.0
0	1	33	3.0
0	2	33	4.0
0	3	33	7.0
0	4	33	6.0
0	5	33	5.0
0	6	33	4.0
0	7	33	0.0
0	8	33	0.0
0	9	33	0.0
1	0	33	6.0
1	1	33	6.0
1	2	33	4.0
1	3	33	1.0
1	4	33	0.0
1	5	33	0.0
1	6	33	1.0
1	7	33	2.0
1	8	33	4.0
1	9	33	8.0
2	0	33	9.0
2	1	33	5.0
2	2	33	1.0
2	3	33	0.0
2	4	33	3.0
2	5	33	6.0
2	6	33	6.0
2	7	33	5.0
2	8	33	3.0
2	9	33	4.0
3	0	33	24.0
3	1	33	15.0
3	2	33	10.0
3	3	33	7.0
3	4	33	5.0
3	5	33	3.0
3	6	33	2.0
3	7	33	1.0
3	8	33	1.0
3	9	33	1.0
4	0	33	5.0
4	1	33	8.0
4	2	33	8.0
4	3	33	11.0
4	4	33	12.0
4	5	33	16.0
4	6	33	22.0
4	7	33	26.0
4	8	33	34.0
4	9	33	36.0
5	0	33	18.0
5	1	33	16.0
5	2	33	10.0
5	3	33	8.0
5	4	33	5.0
5	5	33	3.0
5	6	33	2.0
5	7	33	1.0
5	8	33	1.0
5	9	33	1.0
6	0	33	3.0
6	1	33	4.0
6	2	33	2.0
6	3	33	1.0
6	4	33	3.0
6	5	33	6.0
6	6	33	6.0
6	7	33	5.0
6	8	33	3.0
6	9	33	4.0
7	0	33	7.0
7	1	33	3.0
7	2	33	2.0
7	3	33	1.0
7	4	33	0.0
7	5	33	0.0
7	6	33	1.0
7	7	33	2.0
7	8	33	4.0
7	9	33	8.0
8	0	33	9.0
8	1	33	5.0
8	2	33	1.0
8	3	33	1.0
8	4	33	2.0
8	5	33	4.0
8	6	33	4.0
8	7	33	0.0
8	8	33	0.0
8	9	33	0.0
9	0	33	7.0
9	1	33	8.0
9	2	33	6.0
9	3	33	5.0
9	4	33	2.0
9	5	33	0.0
9	6	33	0.0
9	7	33	0.0
9	8	33	0.0
9	9	33	0.0
0	0	34	0.0
0	1	34	0.0
0	2	34	0.0
0	3	34	0.0
0	4	34	0.0
0	5	34	0.0
0	6	34	0.0
0	7	34	0.0
0	8	34	0.0
0	9	34	0.0
1	0	34	0.0
1	1	34	0.0
1	2	34	0.0
1	3	34	0.0
1	4	34	0.0
1	5	34	0.0
1	6	34	0.0
1	7	34	0.0
1	8	34	0.0
1	9	34	0.0
2	0	34	0.0
2	1	34	0.0
2	2	34	0.0
2	3	34	0.0
2	4	34	0.0
2	5	34	0.0
2	6	34	0.0
2	7	34	0.0
2	8	34	0.0
2	9	34	0.0
3	0	34	0.0
3	1	34	0.0
3	2	34	0.0
3	3	34	0.0
3	4	34	0.0
3	5	34	0.0
3	6	34	0.0
3	7	34	0.0
3	8	34	0.0
3	9	34	0.0
4	0	34	0.0
4	1	34	0.0
4	2	34	0.0
4	3	34	0.0
4	4	34	0.0
4	5	34	0.0
4	6	34	0.0
4	7	34	0.0
4	8	34	0.0
4	9	34	0.0
5	0	34	0.0
5	1	34	0.0
5	2	34	0.0
5	3	34	0.0
5	4	34	0.0
5	5	34	0.0
5	6	34	0.0
5	7	34	0.0
5	8	34	0.0
5	9	34	0.0
6	0	34	0.0
6	1	34	0.0
6	2	34	0.0
6	3	34	0.0
6	4	34	0.0
6	5	34	0.0
6	6	34	0.0
6	7	34	0.0
6	8	34	0.0
6	9	34	0.0
7	0	34	0.0
7	1	34	0.0
7	2	34	0.0
7	3	34	0.0
7	4	34	0.0
7	5	34	0.0
7	6	34	0.0
7	7	34	0.0
7	8	34	0.0
7	9	34	0.0
8	0	34	0.0
8	1	34	0.0
8	2	34	0.0
8	3	34	0.0
8	4	34	0.0
8	5	34	0.0
8	6	34	0.0
8	7	34	0.0
8	8	34	0.0
8	9	34	0.0
9	0	34	0.0
9	1	34	0.0
9	2	34	0.0
9	3	34	0.0
9	4	34	0.0
9	5	34	0.0
9	6	34	0.0
9	7	34	0.0
9	8	34	0.0
9	9	34	0.0
0	0	35	0.0
0	1	35	0.0
0	2	35	0.0
0	3	35	0.0
0	4	35	0.0
0	5	35	0.0
0	6	35	0.0
0	7	35	0.0
0	8	35	0.0
0	9	35	0.0
1	0	35	0.0
1	1	35	0.0
1	2	35	0.0
1	3	35	0.0
1	4	35	0.0
1	5	35	0.0
1	6	35	0.0
1	7	35	0.0
1	8	35	0.0
1	9	35	0.0
2	0	35	0.0
2	1	35	0.0
2	2	35	0.0
2	3	35	0.0
2	4	35	0.0
2	5	35	0.0
2	6	35	0.0
2	7	35	0.0
2	8	35	0.0
2	9	35	0.0
3	0	35	0.0
3	1	35	0.0
3	2	35	0.0
3	3	35	0.0
3	4	35	0.0
3	5	35	0.0
3	6	35	0.0
3	7	35	0.0
3	8	35	0.0
3	9	35	0.0
4	0	35	0.0
4	1	35	0.0
4	2	35	0.0
4	3	35	0.0
4	4	35	0.0
4	5	35	0.0
4	6	35	0.0
4	7	35	0.0
4	8	35	0.0
4	9	35	0.0
5	0	35	0.0
5	1	35	0.0
5	2	35	0.0
5	3	35	0.0
5	4	35	0.0
5	5	35	0.0
5	6	35	0.0
5	7	35	0.0
5	8	35	0.0
5	9	35	0.0
6	0	35	0.0
6	1	35	0.0
6	2	35	0.0
6	3	35	0.0
6	4	35	0.0
6	5	35	0.0
6	6	35	0.0
6	7	35	0.0
6	8	35	0.0
6	9	35	0.0
7	0	35	0.0
7	1	35	0.0
7	2	35	0.0
7	3	35	0.0
7	4	35	0.0
7	5	35	0.0
7	6	35	0.0
7	7	35	0.0
7	8	35	0.0
7	9	35	0.0
8	0	35	0.0
8	1	35	0.0
8	2	35	0.0
8	3	35	0.0
8	4	35	0.0
8	5	35	0.0
8	6	35	0.0
8	7	35	0.0
8	8	35	0.0
8	9	35	0.0
9	0	35	0.0
9	1	35	0.0
9	2	35	0.0
9	3	35	0.0
9	4	35	0.0
9	5	35	0.0
9	6	35	0.0
9	7	35	0.0
9	8	35	0.0
9	9	35	0.0
0	0	36	0.0
0	1	36	0.0
0	2	36	0.0
0	3	36	0.0
0	4	36	0.0
0	5	36	0.0
0	6	36	0.0
0	7	36	0.0
0	8	36	0.0
0	9	36	0.0
1	0	36	0.0
1	1	36	0.0
1	2	36	0.0
1	3	36	0.0
1	4	36	0.0
1	5	36	0.0
1	6	36	0.0
1	7	36	0.0
1	8	36	0.0
1	9	36	0.0
2	0	36	0.0
2	1	36	0.0
2	2	36	0.0
2	3	36	0.0
2	4	36	0.0
2	5	36	0.0
2	6	36	0.0
2	7	36	0.0
2	8	36	0.0
2	9	36	0.0
3	0	36	0.0
3	1	36	0.0
3	2	36	0.0
3	3	36	0.0
3	4	36	0.0
3	5	36	0.0
3	6	36	0.0
3	7	36	0.0
3	8	36	0.0
3	9	36	0.0
4	0	36	0.0
4	1	36	0.0
4	2	36	0.0
4	3	36	0.0
4	4	36	0.0
4	5	36	0.0
4	6	36	0.0
4	7	36	0.0
4	8	36	0.0
4	9	36	0.0
5	0	36	0.0
5	1	36	0.0
5	2	36	0.0
5	3	36	0.0
5	4	36	0.0
5	5	36	0.0
5	6	36	0.0
5	7	36	0.0
5	8	36	0.0
5	9	36	0.0
6	0	36	0.0
6	1	36	0.0
6	2	36	0.0
6	3	36	0.0
6	4	36	0.0
6	5	36	0.0
6	6	36	0.0
6	7	36	0.0
6	8	36	0.0
6	9	36	0.0
7	0	36	0.0
7	1	36	0.0
7	2	36	0.0
7	3	36	0.0
7	4	36	0.0
7	5	36	0.0
7	6	36	0.0
7	7	36	0.0
7	8	36	0.0
7	9	36	0.0
8	0	36	0.0
8	1	36	0.0
8	2	36	0.0
8	3	36	0.0
8	4	36	0.0
8	5	36	0.0
8	6	36	0.0
8	7	36	0.0
8	8	36	0.0
8	9	36	0.0
9	0	36	0.0
9	1	36	0.0
9	2	36	0.0
9	3	36	0.0
9	4	36	0.0
9	5	36	0.0
9	6	36	0.0
9	7	36	0.0
9	8	36	0.0
9	9	36	0.0
0	0	37	0.0
0	1	37	0.0
0	2	37	0.0
0	3	37	0.0
0	4	37	0.0
0	5	37	0.0
0	6	37	0.0
0	7	37	0.0
0	8	37	0.0
0	9	37	0.0
1	0	37	0.0
1	1	37	0.0
1	2	37	0.0
1	3	37	0.0
1	4	37	0.0
1	5	37	0.0
1	6	37	0.0
1	7	37	0.0
1	8	37	0.0
1	9	37	0.0
2	0	37	0.0
2	1	37	0.0
2	2	37	0.0
2	3	37	0.0
2	4	37	0.0
2	5	37	0.0
2	6	37	0.0
2	7	37	0.0
2	8	37	0.0
2	9	37	0.0
3	0	37	0.0
3	1	37	0.0
3	2	37	0.0
3	3	37	0.0
3	4	37	0.0
3	5	37	0.0
3	6	37	0.0
3	7	37	0.0
3	8	37	0.0
3	9	37	0.0
4	0	37	0.0
4	1	37	0.0
4	2	37	0.0
4	3	37	0.0
4	4	37	0.0
4	5	37	0.0
4	6	37	0.0
4	7	37	0.0
4	8	37	0.0
4	9	37	0.0
5	0	37	0.0
5	1	37	0.0
5	2	37	0.0
5	3	37	0.0
5	4	37	0.0
5	5	37	0.0
5	6	37	0.0
5	7	37	0.0
5	8	37	0.0
5	9	37	0.0
6	0	37	0.0
6	1	37	0.0
6	2	37	0.0
6	3	37	0.0
6	4	37	0.0
6	5	37	0.0
6	6	37	0.0
6	7	37	0.0
6	8	37	0.0
6	9	37	0.0
7	0	37	0.0
7	1	37	0.0
7	2	37	0.0
7	3	37	0.0
7	4	37	0.0
7	5	37	0.0
7	6	37	0.0
7	7	37	0.0
7	8	37	0.0
7	9	37	0.0
8	0	37	0.0
8	1	37	0.0
8	2	37	0.0
8	3	37	0.0
8	4	37	0.0
8	5	37	0.0
8	6	37	0.0
8	7	37	0.0
8	8	37	0.0
8	9	37	0.0
9	0	37	0.0
9	1	37	0.0
9	2	37	0.0
9	3	37	0.0
9	4	37	0.0
9	5	37	0.0
9	6	37	0.0
9	7	37	0.0
9	8	37	0.0
9	9	37	0.0
0	0	38	0.0
0	1	38	0.0
0	2	38	0.0
0	3	38	0.0
0	4	38	0.0
0	5	38	0.0
0	6	38	0.0
0	7	38	0.0
0	8	38	0.0
0	9	38	0.0
1	0	38	0.0
1	1	38	0.0
1	2	38	0.0
1	3	38	0.0
1	4	38	0.0
1	5	38	0.0
1	6	38	0.0
1	7	38	0.0
1	8	38	0.0
1	9	38	0.0
2	0	38	0.0
2	1	38	0.0
2	2	38	0.0
2	3	38	0.0
2	4	38	0.0
2	5	38	0.0
2	6	38	0.0
2	7	38	0.0
2	8	38	0.0
2	9	38	0.0
3	0	38	0.0
3	1	38	0.0
3	2	38	0.0
3	3	38	0.0
3	4	38	0.0
3	5	38	0.0
3	6	38	0.0
3	7	38	0.0
3	8	38	0.0
3	9	38	0.0
4	0	38	0.0
4	1	38	0.0
4	2	38	0.0
4	3	38	0.0
4	4	38	0.0
4	5	38	0.0
4	6	38	0.0
4	7	38	0.0
4	8	38	0.0
4	9	38	0.0
5	0	38	0.0
5	1	38	0.0
5	2	38	0.0
5	3	38	0.0
5	4	38	0.0
5	5	38	0.0
5	6	38	0.0
5	7	38	0.0
5	8	38	0.0
5	9	38	0.0
6	0	38	0.0
6	1	38	0.0
6	2	38	0.0
6	3	38	0.0
6	4	38	0.0
6	5	38	0.0
6	6	38	0.0
6	7	38	0.0
6	8	38	0.0
6	9	38	0.0
7	0	38	0.0
7	1	38	0.0
7	2	38	0.0
7	3	38	0.0
7	4	38	0.0
7	5	38	0.0
7	6	38	0.0
7	7	38	0.0
7	8	38	0.0
7	9	38	0.0
8	0	38	0.0
8	1	38	0.0
8	2	38	0.0
8	3	38	0.0
8	4	38	0.0
8	5	38	0.0
8	6	38	0.0
8	7	38	0.0
8	8	38	0.0
8	9	38	0.0
9	0	38	0.0
9	1	38	0.0
9	2	38	0.0
9	3	38	0.0
9	4	38	0.0
9	5	38	0.0
9	6	38	0.0
9	7	38	0.0
9	8	38	0.0
9	9	38	0.0
0	0	39	0.0
0	1	39	0.0
0	2	39	0.0
0	3	39	0.0
0	4	39	0.0
0	5	39	0.0
0	6	39	0.0
0	7	39	0.0
0	8	39	0.0
0	9	39	0.0
1	0	39	0.0
1	1	39	0.0
1	2	39	0.0
1	3	39	0.0
1	4	39	0.0
1	5	39	0.0
1	6	39	0.0
1	7	39	0.0
1	8	39	0.0
1	9	39	0.0
2	0	39	0.0
2	1	39	0.0
2	2	39	0.0
2	3	39	0.0
2	4	39	0.0
2	5	39	0.0
2	6	39	0.0
2	7	39	0.0
2	8	39	0.0
2	9	39	0.0
3	0	39	0.0
3	1	39	0.0
3	2	39	0.0
3	3	39	0.0
3	4	39	0.0
3	5	39	0.0
3	6	39	0.0
3	7	39	0.0
3	8	39	0.0
3	9	39	0.0
4	0	39	0.0
4	1	39	0.0
4	2	39	0.0
4	3	39	0.0
4	4	39	0.0
4	5	39	0.0
4	6	39	0.0
4	7	39	0.0
4	8	39	0.0
4	9	39	0.0
5	0	39	0.0
5	1	39	0.0
5	2	39	0.0
5	3	39	0.0
5	4	39	0.0
5	5	39	0.0
5	6	39	0.0
5	7	39	0.0
5	8	39	0.0
5	9	39	0.0
6	0	39	0.0
6	1	39	0.0
6	2	39	0.0
6	3	39	0.0
6	4	39	0.0
6	5	39	0.0
6	6	39	0.0
6	7	39	0.0
6	8	39	0.0
6	9	39	0.0
7	0	39	0.0
7	1	39	0.0
7	2	39	0.0
7	3	39	0.0
7	4	39	0.0
7	5	39	0.0
7	6	39	0.0
7	7	39	0.0
7	8	39	0.0
7	9	39	0.0
8	0	39	0.0
8	1	39	0.0
8	2	39	0.0
8	3	39	0.0
8	4	39	0.0
8	5	39	0.0
8	6	39	0.0
8	7	39	0.0
8	8	39	0.0
8	9	39	0.0
9	0	39	0.0
9	1	39	0.0
9	2	39	0.0
9	3	39	0.0
9	4	39	0.0
9	5	39	0.0
9	6	39	0.0
9	7	39	0.0
9	8	39	0.0
9	9	39	0.0
0	0	40	0.0
0	1	40	0.0
0	2	40	0.0
0	3	40	0.0
0	4	40	0.0
0	5	40	0.0
0	6	40	0.0
0	7	40	0.0
0	8	40	0.0
0	9	40	0.0
1	0	40	0.0
1	1	40	0.0
1	2	40	0.0
1	3	40	0.0
1	4	40	0.0
1	5	40	0.0
1	6	40	0.0
1	7	40	0.0
1	8	40	0.0
1	9	40	0.0
2	0	40	0.0
2	1	40	0.0
2	2	40	0.0
2	3	40	0.0
2	4	40	0.0
2	5	40	0.0
2	6	40	0.0
2	7	40	0.0
2	8	40	0.0
2	9	40	0.0
3	0	40	0.0
3	1	40	0.0
3	2	40	0.0
3	3	40	0.0
3	4	40	0.0
3	5	40	0.0
3	6	40	0.0
3	7	40	0.0
3	8	40	0.0
3	9	40	0.0
4	0	40	0.0
4	1	40	0.0
4	2	40	0.0
4	3	40	0.0
4	4	40	0.0
4	5	40	0.0
4	6	40	0.0
4	7	40	0.0
4	8	40	0.0
4	9	40	0.0
5	0	40	0.0
5	1	40	0.0
5	2	40	0.0
5	3	40	0.0
5	4	40	0.0
5	5	40	0.0
5	6	40	0.0
5	7	40	0.0
5	8	40	0.0
5	9	40	0.0
6	0	40	0.0
6	1	40	0.0
6	2	40	0.0
6	3	40	0.0
6	4	40	0.0
6	5	40	0.0
6	6	40	0.0
6	7	40	0.0
6	8	40	0.0
6	9	40	0.0
7	0	40	0.0
7	1	40	0.0
7	2	40	0.0
7	3	40	0.0
7	4	40	0.0
7	5	40	0.0
7	6	40	0.0
7	7	40	0.0
7	8	40	0.0
7	9	40	0.0
8	0	40	0.0
8	1	40	0.0
8	2	40	0.0
8	3	40	0.0
8	4	40	0.0
8	5	40	0.0
8	6	40	0.0
8	7	40	0.0
8	8	40	0.0
8	9	40	0.0
9	0	40	0.0
9	1	40	0.0
9	2	40	0.0
9	3	40	0.0
9	4	40	0.0
9	5	40	0.0
9	6	40	0.0
9	7	40	0.0
9	8	40	0.0
9	9	40	0.0
0	0	41	0.0
0	1	41	0.0
0	2	41	0.0
0	3	41	0.0
0	4	41	0.0
0	5	41	0.0
0	6	41	0.0
0	7	41	0.0
0	8	41	0.0
0	9	41	0.0
1	0	41	0.0
1	1	41	0.0
1	2	41	0.0
1	3	41	0.0
1	4	41	0.0
1	5	41	0.0
1	6	41	0.0
1	7	41	0.0
1	8	41	0.0
1	9	41	0.0
2	0	41	0.0
2	1	41	0.0
2	2	41	0.0
2	3	41	0.0
2	4	41	0.0
2	5	41	0.0
2	6	41	0.0
2	7	41	0.0
2	8	41	0.0
2	9	41	0.0
3	0	41	0.0
3	1	41	0.0
3	2	41	0.0
3	3	41	0.0
3	4	41	0.0
3	5	41	0.0
3	6	41	0.0
3	7	41	0.0
3	8	41	0.0
3	9	41	0.0
4	0	41	0.0
4	1	41	0.0
4	2	41	0.0
4	3	41	0.0
4	4	41	0.0
4	5	41	0.0
4	6	41	0.0
4	7	41	0.0
4	8	41	0.0
4	9	41	0.0
5	0	41	0.0
5	1	41	0.0
5	2	41	0.0
5	3	41	0.0
5	4	41	0.0
5	5	41	0.0
5	6	41	0.0
5	7	41	0.0
5	8	41	0.0
5	9	41	0.0
6	0	41	0.0
6	1	41	0.0
6	2	41	0.0
6	3	41	0.0
6	4	41	0.0
6	5	41	0.0
6	6	41	0.0
6	7	41	0.0
6	8	41	0.0
6	9	41	0.0
7	0	41	0.0
7	1	41	0.0
7	2	41	0.0
7	3	41	0.0
7	4	41	0.0
7	5	41	0.0
7	6	41	0.0
7	7	41	0.0
7	8	41	0.0
7	9	41	0.0
8	0	41	0.0
8	1	41	0.0
8	2	41	0.0
8	3	41	0.0
8	4	41	0.0
8	5	41	0.0
8	6	41	0.0
8	7	41	0.0
8	8	41	0.0
8	9	41	0.0
9	0	41	0.0
9	1	41	0.0
9	2	41	0.0
9	3	41	0.0
9	4	41	0.0
9	5	41	0.0
9	6	41	0.0
9	7	41	0.0
9	8	41	0.0
9	9	41	0.0
0	0	42	0.0
0	1	42	0.0
0	2	42	0.0
0	3	42	0.0
0	4	42	0.0
0	5	42	0.0
0	6	42	0.0
0	7	42	0.0
0	8	42	0.0
0	9	42	0.0
1	0	42	0.0
1	1	42	0.0
1	2	42	0.0
1	3	42	0.0
1	4	42	0.0
1	5	42	0.0
1	6	42	0.0
1	7	42	0.0
1	8	42	0.0
1	9	42	0.0
2	0	42	0.0
2	1	42	0.0
2	2	42	0.0
2	3	42	0.0
2	4	42	0.0
2	5	42	0.0
2	6	42	0.0
2	7	42	0.0
2	8	42	0.0
2	9	42	0.0
3	0	42	0.0
3	1	42	0.0
3	2	42	0.0
3	3	42	0.0
3	4	42	0.0
3	5	42	0.0
3	6	42	0.0
3	7	42	0.0
3	8	42	0.0
3	9	42	0.0
4	0	42	0.0
4	1	42	0.0
4	2	42	0.0
4	3	42	0.0
4	4	42	0.0
4	5	42	0.0
4	6	42	0.0
4	7	42	0.0
4	8	42	0.0
4	9	42	0.0
5	0	42	0.0
5	1	42	0.0
5	2	42	0.0
5	3	42	0.0
5	4	42	0.0
5	5	42	0.0
5	6	42	0.0
5	7	42	0.0
5	8	42	0.0
5	9	42	0.0
6	0	42	0.0
6	1	42	0.0
6	2	42	0.0
6	3	42	0.0
6	4	42	0.0
6	5	42	0.0
6	6	42	0.0
6	7	42	0.0
6	8	42	0.0
6	9	42	0.0
7	0	42	0.0
7	1	42	0.0
7	2	42	0.0
7	3	42	0.0
7	4	42	0.0
7	5	42	0.0
7	6	42	0.0
7	7	42	0.0
7	8	42	0.0
7	9	42	0.0
8	0	42	0.0
8	1	42	0.0
8	2	42	0.0
8	3	42	0.0
8	4	42	0.0
8	5	42	0.0
8	6	42	0.0
8	7	42	0.0
8	8	42	0.0
8	9	42	0.0
9	0	42	0.0
9	1	42	0.0
9	2	42	0.0
9	3	42	0.0
9	4	42	0.0
9	5	42	0.0
9	6	42	0.0
9	7	42	0.0
9	8	42	0.0
9	9	42	0.0
0	0	43	0.0
0	1	43	0.0
0	2	43	0.0
0	3	43	0.0
0	4	43	0.0
0	5	43	0.0
0	6	43	0.0
0	7	43	0.0
0	8	43	0.0
0	9	43	0.0
1	0	43	0.0
1	1	43	0.0
1	2	43	0.0
1	3	43	0.0
1	4	43	0.0
1	5	43	0.0
1	6	43	0.0
1	7	43	0.0
1	8	43	0.0
1	9	43	0.0
2	0	43	0.0
2	1	43	0.0
2	2	43	0.0
2	3	43	0.0
2	4	43	0.0
2	5	43	0.0
2	6	43	0.0
2	7	43	0.0
2	8	43	0.0
2	9	43	0.0
3	0	43	0.0
3	1	43	0.0
3	2	43	0.0
3	3	43	0.0
3	4	43	0.0
3	5	43	0.0
3	6	43	0.0
3	7	43	0.0
3	8	43	0.0
3	9	43	0.0
4	0	43	0.0
4	1	43	0.0
4	2	43	0.0
4	3	43	0.0
4	4	43	0.0
4	5	43	0.0
4	6	43	0.0
4	7	43	0.0
4	8	43	0.0
4	9	43	0.0
5	0	43	0.0
5	1	43	0.0
5	2	43	0.0
5	3	43	0.0
5	4	43	0.0
5	5	43	0.0
5	6	43	0.0
5	7	43	0.0
5	8	43	0.0
5	9	43	0.0
6	0	43	0.0
6	1	43	0.0
6	2	43	0.0
6	3	43	0.0
6	4	43	0.0
6	5	43	0.0
6	6	43	0.0
6	7	43	0.0
6	8	43	0.0
6	9	43	0.0
7	0	43	0.0
7	1	43	0.0
7	2	43	0.0
7	3	43	0.0
7	4	43	0.0
7	5	43	0.0
7	6	43	0.0
7	7	43	0.0
7	8	43	0.0
7	9	43	0.0
8	0	43	0.0
8	1	43	0.0
8	2	43	0.0
8	3	43	0.0
8	4	43	0.0
8	5	43	0.0
8	6	43	0.0
8	7	43	0.0
8	8	43	0.0
8	9	43	0.0
9	0	43	0.0
9	1	43	0.0
9	2	43	0.0
9	3	43	0.0
9	4	43	0.0
9	5	43	0.0
9	6	43	0.0
9	7	43	0.0
9	8	43	0.0
9	9	43	0.0
0	0	44	0.0
0	1	44	0.0
0	2	44	0.0
0	3	44	0.0
0	4	44	0.0
0	5	44	0.0
0	6	44	0.0
0	7	44	0.0
0	8	44	0.0
0	9	44	0.0
1	0	44	0.0
1	1	44	0.0
1	2	44	0.0
1	3	44	0.0
1	4	44	0.0
1	5	44	0.0
1	6	44	0.0
1	7	44	0.0
1	8	44	0.0
1	9	44	0.0
2	0	44	0.0
2	1	44	0.0
2	2	44	0.0
2	3	44	0.0
2	4	44	0.0
2	5	44	0.0
2	6	44	0.0
2	7	44	0.0
2	8	44	0.0
2	9	44	0.0
3	0	44	0.0
3	1	44	0.0
3	2	44	0.0
3	3	44	0.0
3	4	44	0.0
3	5	44	0.0
3	6	44	0.0
3	7	44	0.0
3	8	44	0.0
3	9	44	0.0
4	0	44	0.0
4	1	44	0.0
4	2	44	0.0
4	3	44	0.0
4	4	44	0.0
4	5	44	0.0
4	6	44	0.0
4	7	44	0.0
4	8	44	0.0
4	9	44	0.0
5	0	44	0.0
5	1	44	0.0
5	2	44	0.0
5	3	44	0.0
5	4	44	0.0
5	5	44	0.0
5	6	44	0.0
5	7	44	0.0
5	8	44	0.0
5	9	44	0.0
6	0	44	0.0
6	1	44	0.0
6	2	44	0.0
6	3	44	0.0
6	4	44	0.0
6	5	44	0.0
6	6	44	0.0
6	7	44	0.0
6	8	44	0.0
6	9	44	0.0
7	0	44	0.0
7	1	44	0.0
7	2	44	0.0
7	3	44	0.0
7	4	44	0.0
7	5	44	0.0
7	6	44	0.0
7	7	44	0.0
7	8	44	0.0
7	9	44	0.0
8	0	44	0.0
8	1	44	0.0
8	2	44	0.0
8	3	44	0.0
8	4	44	0.0
8	5	44	0.0
8	6	44	0.0
8	7	44	0.0
8	8	44	0.0
8	9	44	0.0
9	0	44	0.0
9	1	44	0.0
9	2	44	0.0
9	3	44	0.0
9	4	44	0.0
9	5	44	0.0
9	6	44	0.0
9	7	44	0.0
9	8	44	0.0
9	9	44	0.0
0	0	45	0.0
0	1	45	0.0
0	2	45	0.0
0	3	45	0.0
0	4	45	0.0
0	5	45	0.0
0	6	45	0.0
0	7	45	0.0
0	8	45	0.0
0	9	45	0.0
1	0	45	0.0
1	1	45	0.0
1	2	45	0.0
1	3	45	0.0
1	4	45	0.0
1	5	45	0.0
1	6	45	0.0
1	7	45	0.0
1	8	45	0.0
1	9	45	0.0
2	0	45	0.0
2	1	45	0.0
2	2	45	0.0
2	3	45	0.0
2	4	45	0.0
2	5	45	0.0
2	6	45	0.0
2	7	45	0.0
2	8	45	0.0
2	9	45	0.0
3	0	45	0.0
3	1	45	0.0
3	2	45	0.0
3	3	45	0.0
3	4	45	0.0
3	5	45	0.0
3	6	45	0.0
3	7	45	0.0
3	8	45	0.0
3	9	45	0.0
4	0	45	0.0
4	1	45	0.0
4	2	45	0.0
4	3	45	0.0
4	4	45	0.0
4	5	45	0.0
4	6	45	0.0
4	7	45	0.0
4	8	45	0.0
4	9	45	0.0
5	0	45	0.0
5	1	45	0.0
5	2	45	0.0
5	3	45	0.0
5	4	45	0.0
5	5	45	0.0
5	6	45	0.0
5	7	45	0.0
5	8	45	0.0
5	9	45	0.0
6	0	45	0.0
6	1	45	0.0
6	2	45	0.0
6	3	45	0.0
6	4	45	0.0
6	5	45	0.0
6	6	45	0.0
6	7	45	0.0
6	8	45	0.0
6	9	45	0.0
7	0	45	0.0
7	1	45	0.0
7	2	45	0.0
7	3	45	0.0
7	4	45	0.0
7	5	45	0.0
7	6	45	0.0
7	7	45	0.0
7	8	45	0.0
7	9	45	0.0
8	0	45	0.0
8	1	45	0.0
8	2	45	0.0
8	3	45	0.0
8	4	45	1.0
8	5	45	1.0
8	6	45	1.0
8	7	45	0.0
8	8	45	0.0
8	9	45	0.0
9	0	45	0.0
9	1	45	1.0
9	2	45	1.0
9	3	45	2.0
9	4	45	3.0
9	5	45	3.0
9	6	45	3.0
9	7	45	2.0
9	8	45	1.0
9	9	45	1.0
0	0	46	0.0
0	1	46	0.0
0	2	46	0.0
0	3	46	0.0
0	4	46	0.0
0	5	46	0.0
0	6	46	0.0
0	7	46	0.0
0	8	46	0.0
0	9	46	0.0
1	0	46	0.0
1	1	46	0.0
1	2	46	0.0
1	3	46	0.0
1	4	46	0.0
1	5	46	0.0
1	6	46	0.0
1	7	46	0.0
1	8	46	0.0
1	9	46	0.0
2	0	46	0.0
2	1	46	0.0
2	2	46	0.0
2	3	46	0.0
2	4	46	0.0
2	5	46	0.0
2	6	46	0.0
2	7	46	0.0
2	8	46	0.0
2	9	46	0.0
3	0	46	0.0
3	1	46	0.0
3	2	46	0.0
3	3	46	0.0
3	4	46	0.0
3	5	46	0.0
3	6	46	0.0
3	7	46	0.0
3	8	46	0.0
3	9	46	0.0
4	0	46	0.0
4	1	46	0.0
4	2	46	0.0
4	3	46	0.0
4	4	46	0.0
4	5	46	0.0
4	6	46	0.0
4	7	46	0.0
4	8	46	0.0
4	9	46	0.0
5	0	46	0.0
5	1	46	0.0
5	2	46	0.0
5	3	46	0.0
5	4	46	0.0
5	5	46	0.0
5	6	46	0.0
5	7	46	0.0
5	8	46	0.0
5	9	46	0.0
6	0	46	0.0
6	1	46	0.0
6	2	46	0.0
6	3	46	0.0
6	4	46	0.0
6	5	46	0.0
6	6	46	0.0
6	7	46	0.0
6	8	46	0.0
6	9	46	0.0
7	0	46	0.0
7	1	46	0.0
7	2	46	0.0
7	3	46	0.0
7	4	46	0.0
7	5	46	0.0
7	6	46	0.0
7	7	46	0.0
7	8	46	0.0
7	9	46	0.0
8	0	46	0.0
8	1	46	0.0
8	2	46	1.0
8	3	46	1.0
8	4	46	0.0
8	5	46	0.0
8	6	46	0.0
8	7	46	1.0
8	8	46	1.0
8	9	46	0.0
9	0	46	0.0
9	1	46	0.0
9	2	46	1.0
9	3	46	1.0
9	4	46	0.0
9	5	46	0.0
9	6	46	0.0
9	7	46	1.0
9	8	46	1.0
9	9	46	0.0
0	0	47	0.0
0	1	47	0.0
0	2	47	0.0
0	3	47	0.0
0	4	47	0.0
0	5	47	0.0
0	6	47	0.0
0	7	47	0.0
0	8	47	0.0
0	9	47	0.0
1	0	47	0.0
1	1	47	0.0
1	2	47	0.0
1	3	47	0.0
1	4	47	0.0
1	5	47	0.0
1	6	47	0.0
1	7	47	0.0
1	8	47	0.0
1	9	47	0.0
2	0	47	0.0
2	1	47	0.0
2	2	47	0.0
2	3	47	0.0
2	4	47	0.0
2	5	47	0.0
2	6	47	0.0
2	7	47	0.0
2	8	47	0.0
2	9	47	0.0
3	0	47	0.0
3	1	47	0.0
3	2	47	0.0
3	3	47	0.0
3	4	47	0.0
3	5	47	0.0
3	6	47	0.0
3	7	47	0.0
3	8	47	0.0
3	9	47	0.0
4	0	47	0.0
4	1	47	0.0
4	2	47	0.0
4	3	47	0.0
4	4	47	0.0
4	5	47	0.0
4	6	47	0.0
4	7	47	0.0
4	8	47	0.0
4	9	47	0.0
5	0	47	0.0
5	1	47	0.0
5	2	47	0.0
5	3	47	0.0
5	4	47	0.0
5	5	47	0.0
5	6	47	0.0
5	7	47	0.0
5	8	47	0.0
5	9	47	0.0
6	0	47	0.0
6	1	47	0.0
6	2	47	0.0
6	3	47	0.0
6	4	47	0.0
6	5	47	0.0
6	6	47	0.0
6	7	47	0.0
6	8	47	0.0
6	9	47	0.0
7	0	47	0.0
7	1	47	0.0
7	2	47	0.0
7	3	47	0.0
7	4	47	0.0
7	5	47	0.0
7	6	47	0.0
7	7	47	0.0
7	8	47	0.0
7	9	47	0.0
8	0	47	0.0
8	1	47	0.0
8	2	47	0.0
8	3	47	0.0
8	4	47	0.0
8	5	47	0.0
8	6	47	0.0
8	7	47	0.0
8	8	47	0.0
8	9	47	0.0
9	0	47	0.0
9	1	47	0.0
9	2	47	0.0
9	3	47	0.0
9	4	47	0.0
9	5	47	0.0
9	6	47	0.0
9	7	47	0.0
9	8	47	0.0
9	9	47	0.0
0	0	48	0.0
0	1	48	0.0
0	2	48	0.0
0	3	48	0.0
0	4	48	0.0
0	5	48	0.0
0	6	48	0.0
0	7	48	0.0
0	8	48	0.0
0	9	48	0.0
1	0	48	0.0
1	1	48	0.0
1	2	48	0.0
1	3	48	0.0
1	4	48	0.0
1	5	48	0.0
1	6	48	0.0
1	7	48	0.0
1	8	48	0.0
1	9	48	0.0
2	0	48	0.0
2	1	48	0.0
2	2	48	0.0
2	3	48	0.0
2	4	48	0.0
2	5	48	0.0
2	6	48	0.0
2	7	48	0.0
2	8	48	0.0
2	9	48	0.0
3	0	48	0.0
3	1	48	0.0
3	2	48	0.0
3	3	48	0.0
3	4	48	0.0
3	5	48	0.0
3	6	48	0.0
3	7	48	0.0
3	8	48	0.0
3	9	48	0.0
4	0	48	0.0
4	1	48	0.0
4	2	48	0.0
4	3	48	0.0
4	4	48	0.0
4	5	48	0.0
4	6	48	0.0
4	7	48	0.0
4	8	48	0.0
4	9	48	0.0
5	0	48	0.0
5	1	48	0.0
5	2	48	0.0
5	3	48	0.0
5	4	48	0.0
5	5	48	0.0
5	6	48	0.0
5	7	48	0.0
5	8	48	0.0
5	9	48	0.0
6	0	48	0.0
6	1	48	0.0
6	2	48	0.0
6	3	48	0.0
6	4	48	0.0
6	5	48	0.0
6	6	48	0.0
6	7	48	0.0
6	8	48	0.0
6	9	48	0.0
7	0	48	0.0
7	1	48	0.0
7	2	48	0.0
7	3	48	0.0
7	4	48	0.0
7	5	48	0.0
7	6	48	0.0
7	7	48	0.0
7	8	48	0.0
7	9	48	0.0
8	0	48	0.0
8	1	48	0.0
8	2	48	0.0
8	3	48	0.0
8	4	48	0.0
8	5	48	0.0
8	6	48	0.0
8	7	48	0.0
8	8	48	0.0
8	9	48	0.0
9	0	48	0.0
9	1	48	0.0
9	2	48	0.0
9	3	48	0.0
9	4	48	0.0
9	5	48	0.0
9	6	48	0.0
9	7	48	0.0
9	8	48	0.0
9	9	48	0.0
0	0	49	0.0
0	1	49	0.0
0	2	49	0.0
0	3	49	0.0
0	4	49	0.0
0	5	49	0.0
0	6	49	0.0
0	7	49	0.0
0	8	49	0.0
0	9	49	0.0
1	0	49	0.0
1	1	49	0.0
1	2	49	0.0
1	3	49	0.0
1	4	49	0.0
1	5	49	0.0
1	6	49	0.0
1	7	49	0.0
1	8	49	0.0
1	9	49	0.0
2	0	49	0.0
2	1	49	0.0
2	2	49	0.0
2	3	49	0.0
2	4	49	0.0
2	5	49	0.0
2	6	49	0.0
2	7	49	0.0
2	8	49	0.0
2	9	49	0.0
3	0	49	0.0
3	1	49	0.0
3	2	49	0.0
3	3	49	0.0
3	4	49	0.0
3	5	49	0.0
3	6	49	0.0
3	7	49	0.0
3	8	49	0.0
3	9	49	0.0
4	0	49	0.0
4	1	49	0.0
4	2	49	0.0
4	3	49	0.0
4	4	49	0.0
4	5	49	0.0
4	6	49	0.0
4	7	49	0.0
4	8	49	0.0
4	9	49	0.0
5	0	49	0.0
5	1	49	0.0
5	2	49	0.0
5	3	49	0.0
5	4	49	0.0
5	5	49	0.0
5	6	49	0.0
5	7	49	0.0
5	8	49	0.0
5	9	49	0.0
6	0	49	0.0
6	1	49	0.0
6	2	49	0.0
6	3	49	0.0
6	4	49	0.0
6	5	49	0.0
6	6	49	0.0
6	7	49	0.0
6	8	49	0.0
6	9	49	0.0
7	0	49	0.0
7	1	49	0.0
7	2	49	0.0
7	3	49	0.0
7	4	49	0.0
7	5	49	0.0
7	6	49	0.0
7	7	49	0.0
7	8	49	0.0
7	9	49	0.0
8	0	49	0.0
8	1	49	0.0
8	2	49	0.0
8	3	49	0.0
8	4	49	0.0
8	5	49	0.0
8	6	49	0.0
8	7	49	0.0
8	8	49	0.0
8	9	49	0.0
9	0	49	0.0
9	1	49	0.0
9	2	49	0.0
9	3	49	0.0
9	4	49	0.0
9	5	49	0.0
9	6	49	0.0
9	7	49	0.0
9	8	49	0.0
9	9	49	0.0
0	0	50	0.0
0	1	50	0.0
0	2	50	0.0
0	3	50	0.0
0	4	50	0.0
0	5	50	0.0
0	6	50	0.0
0	7	50	0.0
0	8	50	0.0
0	9	50	0.0
1	0	50	0.0
1	1	50	0.0
1	2	50	0.0
1	3	50	0.0
1	4	50	0.0
1	5	50	0.0
1	6	50	0.0
1	7	50	0.0
1	8	50	0.0
1	9	50	0.0
2	0	50	0.0
2	1	50	0.0
2	2	50	0.0
2	3	50	0.0
2	4	50	0.0
2	5	50	0.0
2	6	50	0.0
2	7	50	0.0
2	8	50	0.0
2	9	50	0.0
3	0	50	0.0
3	1	50	0.0
3	2	50	0.0
3	3	50	0.0
3	4	50	0.0
3	5	50	0.0
3	6	50	0.0
3	7	50	0.0
3	8	50	0.0
3	9	50	0.0
4	0	50	0.0
4	1	50	0.0
4	2	50	0.0
4	3	50	0.0
4	4	50	0.0
4	5	50	0.0
4	6	50	0.0
4	7	50	0.0
4	8	50	0.0
4	9	50	0.0
5	0	50	0.0
5	1	50	0.0
5	2	50	0.0
5	3	50	0.0
5	4	50	0.0
5	5	50	0.0
5	6	50	0.0
5	7	50	0.0
5	8	50	0.0
5	9	50	0.0
6	0	50	0.0
6	1	50	0.0
6	2	50	0.0
6	3	50	0.0
6	4	50	0.0
6	5	50	0.0
6	6	50	0.0
6	7	50	0.0
6	8	50	0.0
6	9	50	0.0
7	0	50	0.0
7	1	50	0.0
7	2	50	0.0
7	3	50	0.0
7	4	50	0.0
7	5	50	0.0
7	6	50	0.0
7	7	50	0.0
7	8	50	0.0
7	9	50	0.0
8	0	50	0.0
8	1	50	0.0
8	2	50	0.0
8	3	50	0.0
8	4	50	0.0
8	5	50	0.0
8	6	50	0.0
8	7	50	0.0
8	8	50	0.0
8	9	50	0.0
9	0	50	0.0
9	1	50	0.0
9	2	50	0.0
9	3	50	0.0
9	4	50	0.0
9	5	50	0.0
9	6	50	0.0
9	7	50	0.0
9	8	50	0.0
9	9	50	0.0
0	0	51	0.0
0	1	51	0.0
0	2	51	0.0
0	3	51	0.0
0	4	51	0.0
0	5	51	0.0
0	6	51	0.0
0	7	51	0.0
0	8	51	0.0
0	9	51	0.0
1	0	51	0.0
1	1	51	0.0
1	2	51	0.0
1	3	51	0.0
1	4	51	0.0
1	5	51	0.0
1	6	51	0.0
1	7	51	0.0
1	8	51	0.0
1	9	51	0.0
2	0	51	0.0
2	1	51	0.0
2	2	51	0.0
2	3	51	0.0
2	4	51	0.0
2	5	51	0.0
2	6	51	0.0
2	7	51	0.0
2	8	51	0.0
2	9	51	0.0
3	0	51	0.0
3	1	51	0.0
3	2	51	0.0
3	3	51	0.0
3	4	51	0.0
3	5	51	0.0
3	6	51	0.0
3	7	51	0.0
3	8	51	0.0
3	9	51	0.0
4	0	51	0.0
4	1	51	0.0
4	2	51	0.0
4	3	51	0.0
4	4	51	0.0
4	5	51	0.0
4	6	51	0.0
4	7	51	0.0
4	8	51	0.0
4	9	51	0.0
5	0	51	0.0
5	1	51	0.0
5	2	51	0.0
5	3	51	0.0
5	4	51	0.0
5	5	51	0.0
5	6	51	0.0
5	7	51	0.0
5	8	51	0.0
5	9	51	0.0
6	0	51	0.0
6	1	51	0.0
6	2	51	0.0
6	3	51	0.0
6	4	51	0.0
6	5	51	0.0
6	6	51	0.0
6	7	51	0.0
6	8	51	0.0
6	9	51	0.0
7	0	51	0.0
7	1	51	0.0
7	2	51	0.0
7	3	51	0.0
7	4	51	0.0
7	5	51	0.0
7	6	51	0.0
7	7	51	0.0
7	8	51	0.0
7	9	51	0.0
8	0	51	0.0
8	1	51	0.0
8	2	51	0.0
8	3	51	0.0
8	4	51	0.0
8	5	51	0.0
8	6	51	0.0
8	7	51	0.0
8	8	51	0.0
8	9	51	0.0
9	0	51	0.0
9	1	51	0.0
9	2	51	0.0
9	3	51	0.0
9	4	51	0.0
9	5	51	0.0
9	6	51	0.0
9	7	51	0.0
9	8	51	0.0
9	9	51	0.0
0	0	52	0.0
0	1	52	0.0
0	2	52	0.0
0	3	52	0.0
0	4	52	0.0
0	5	52	0.0
0	6	52	0.0
0	7	52	0.0
0	8	52	0.0
0	9	52	0.0
1	0	52	0.0
1	1	52	0.0
1	2	52	0.0
1	3	52	0.0
1	4	52	0.0
1	5	52	0.0
1	6	52	0.0
1	7	52	0.0
1	8	52	0.0
1	9	52	0.0
2	0	52	0.0
2	1	52	0.0
2	2	52	0.0
2	3	52	0.0
2	4	52	0.0
2	5	52	0.0
2	6	52	0.0
2	7	52	0.0
2	8	52	0.0
2	9	52	0.0
3	0	52	0.0
3	1	52	0.0
3	2	52	0.0
3	3	52	0.0
3	4	52	0.0
3	5	52	0.0
3	6	52	0.0
3	7	52	0.0
3	8	52	0.0
3	9	52	0.0
4	0	52	0.0
4	1	52	0.0
4	2	52	0.0
4	3	52	0.0
4	4	52	0.0
4	5	52	0.0
4	6	52	0.0
4	7	52	0.0
4	8	52	0.0
4	9	52	0.0
5	0	52	0.0
5	1	52	0.0
5	2	52	0.0
5	3	52	0.0
5	4	52	0.0
5	5	52	0.0
5	6	52	0.0
5	7	52	0.0
5	8	52	0.0
5	9	52	0.0
6	0	52	0.0
6	1	52	0.0
6	2	52	0.0
6	3	52	0.0
6	4	52	0.0
6	5	52	0.0
6	6	52	0.0
6	7	52	0.0
6	8	52	0.0
6	9	52	0.0
7	0	52	1.0
7	1	52	1.0
7	2	52	1.0
7	3	52	0.0
7	4	52	0.0
7	5	52	0.0
7	6	52	0.0
7	7	52	0.0
7	8	52	0.0
7	9	52	0.0
8	0	52	0.0
8	1	52	0.0
8	2	52	0.0
8	3	52	0.0
8	4	52	0.0
8	5	52	0.0
8	6	52	0.0
8	7	52	0.0
8	8	52	0.0
8	9	52	0.0
9	0	52	0.0
9	1	52	0.0
9	2	52	0.0
9	3	52	0.0
9	4	52	0.0
9	5	52	0.0
9	6	52	0.0
9	7	52	0.0
9	8	52	0.0
9	9	52	0.0
0	0	53	0.0
0	1	53	0.0
0	2	53	0.0
0	3	53	0.0
0	4	53	0.0
0	5	53	0.0
0	6	53	0.0
0	7	53	0.0
0	8	53	0.0
0	9	53	0.0
1	0	53	0.0
1	1	53	0.0
1	2	53	0.0
1	3	53	0.0
1	4	53	0.0
1	5	53	0.0
1	6	53	0.0
1	7	53	0.0
1	8	53	0.0
1	9	53	0.0
2	0	53	0.0
2	1	53	0.0
2	2	53	0.0
2	3	53	0.0
2	4	53	0.0
2	5	53	0.0
2	6	53	0.0
2	7	53	0.0
2	8	53	0.0
2	9	53	0.0
3	0	53	0.0
3	1	53	0.0
3	2	53	0.0
3	3	53	0.0
3	4	53	0.0
3	5	53	0.0
3	6	53	0.0
3	7	53	0.0
3	8	53	0.0
3	9	53	0.0
4	0	53	0.0
4	1	53	0.0
4	2	53	0.0
4	3	53	0.0
4	4	53	0.0
4	5	53	0.0
4	6	53	0.0
4	7	53	0.0
4	8	53	0.0
4	9	53	0.0
5	0	53	0.0
5	1	53	0.0
5	2	53	0.0
5	3	53	0.0
5	4	53	0.0
5	5	53	0.0
5	6	53	0.0
5	7	53	0.0
5	8	53	0.0
5	9	53	0.0
6	0	53	0.0
6	1	53	0.0
6	2	53	0.0
6	3	53	0.0
6	4	53	0.0
6	5	53	0.0
6	6	53	0.0
6	7	53	0.0
6	8	53	0.0
6	9	53	0.0
7	0	53	0.0
7	1	53	0.0
7	2	53	0.0
7	3	53	0.0
7	4	53	0.0
7	5	53	0.0
7	6	53	0.0
7	7	53	0.0
7	8	53	0.0
7	9	53	0.0
8	0	53	0.0
8	1	53	0.0
8	2	53	0.0
8	3	53	0.0
8	4	53	0.0
8	5	53	0.0
8	6	53	0.0
8	7	53	0.0
8	8	53	0.0
8	9	53	0.0
9	0	53	0.0
9	1	53	0.0
9	2	53	0.0
9	3	53	0.0
9	4	53	0.0
9	5	53	0.0
9	6	53	0.0
9	7	53	0.0
9	8	53	0.0
9	9	53	0.0
0	0	54	0.0
0	1	54	0.0
0	2	54	0.0
0	3	54	0.0
0	4	54	0.0
0	5	54	0.0
0	6	54	0.0
0	7	54	0.0
0	8	54	0.0
0	9	54	0.0
1	0	54	0.0
1	1	54	0.0
1	2	54	0.0
1	3	54	0.0
1	4	54	0.0
1	5	54	0.0
1	6	54	0.0
1	7	54	0.0
1	8	54	0.0
1	9	54	0.0
2	0	54	0.0
2	1	54	0.0
2	2	54	0.0
2	3	54	0.0
2	4	54	0.0
2	5	54	0.0
2	6	54	0.0
2	7	54	0.0
2	8	54	0.0
2	9	54	0.0
3	0	54	0.0
3	1	54	0.0
3	2	54	0.0
3	3	54	0.0
3	4	54	0.0
3	5	54	0.0
3	6	54	0.0
3	7	54	0.0
3	8	54	0.0
3	9	54	0.0
4	0	54	0.0
4	1	54	0.0
4	2	54	0.0
4	3	54	0.0
4	4	54	0.0
4	5	54	0.0
4	6	54	0.0
4	7	54	0.0
4	8	54	0.0
4	9	54	0.0
5	0	54	0.0
5	1	54	0.0
5	2	54	0.0
5	3	54	0.0
5	4	54	0.0
5	5	54	0.0
5	6	54	0.0
5	7	54	0.0
5	8	54	0.0
5	9	54	0.0
6	0	54	0.0
6	1	54	0.0
6	2	54	0.0
6	3	54	0.0
6	4	54	0.0
6	5	54	0.0
6	6	54	0.0
6	7	54	0.0
6	8	54	0.0
6	9	54	0.0
7	0	54	0.0
7	1	54	0.0
7	2	54	0.0
7	3	54	0.0
7	4	54	0.0
7	5	54	0.0
7	6	54	0.0
7	7	54	0.0
7	8	54	0.0
7	9	54	0.0
8	0	54	0.0
8	1	54	0.0
8	2	54	0.0
8	3	54	0.0
8	4	54	0.0
8	5	54	0.0
8	6	54	0.0
8	7	54	0.0
8	8	54	0.0
8	9	54	0.0
9	0	54	0.0
9	1	54	0.0
9	2	54	0.0
9	3	54	0.0
9	4	54	0.0
9	5	54	0.0
9	6	54	0.0
9	7	54	0.0
9	8	54	0.0
9	9	54	0.0
0	0	55	0.0
0	1	55	0.0
0	2	55	0.0
0	3	55	0.0
0	4	55	0.0
0	5	55	0.0
0	6	55	0.0
0	7	55	0.0
0	8	55	0.0
0	9	55	0.0
1	0	55	0.0
1	1	55	0.0
1	2	55	0.0
1	3	55	0.0
1	4	55	0.0
1	5	55	0.0
1	6	55	0.0
1	7	55	0.0
1	8	55	0.0
1	9	55	0.0
2	0	55	0.0
2	1	55	0.0
2	2	55	0.0
2	3	55	0.0
2	4	55	0.0
2	5	55	0.0
2	6	55	0.0
2	7	55	0.0
2	8	55	0.0
2	9	55	0.0
3	0	55	0.0
3	1	55	0.0
3	2	55	0.0
3	3	55	0.0
3	4	55	0.0
3	5	55	0.0
3	6	55	0.0
3	7	55	0.0
3	8	55	0.0
3	9	55	0.0
4	0	55	0.0
4	1	55	0.0
4	2	55	0.0
4	3	55	0.0
4	4	55	0.0
4	5	55	0.0
4	6	55	0.0
4	7	55	0.0
4	8	55	0.0
4	9	55	0.0
5	0	55	0.0
5	1	55	0.0
5	2	55	0.0
5	3	55	0.0
5	4	55	0.0
5	5	55	0.0
5	6	55	0.0
5	7	55	0.0
5	8	55	0.0
5	9	55	0.0
6	0	55	0.0
6	1	55	0.0
6	2	55	0.0
6	3	55	0.0
6	4	55	0.0
6	5	55	0.0
6	6	55	0.0
6	7	55	0.0
6	8	55	0.0
6	9	55	0.0
7	0	55	2.0
7	1	55	1.0
7	2	55	0.0
7	3	55	0.0
7	4	55	0.0
7	5	55	0.0
7	6	55	0.0
7	7	55	0.0
7	8	55	0.0
7	9	55	0.0
8	0	55	0.0
8	1	55	0.0
8	2	55	0.0
8	3	55	0.0
8	4	55	0.0
8	5	55	0.0
8	6	55	0.0
8	7	55	0.0
8	8	55	0.0
8	9	55	0.0
9	0	55	0.0
9	1	55	0.0
9	2	55	0.0
9	3	55	0.0
9	4	55	0.0
9	5	55	0.0
9	6	55	0.0
9	7	55	0.0
9	8	55	0.0
9	9	55	0.0
0	0	56	0.0
0	1	56	0.0
0	2	56	0.0
0	3	56	0.0
0	4	56	0.0
0	5	56	0.0
0	6	56	0.0
0	7	56	0.0
0	8	56	0.0
0	9	56	0.0
1	0	56	0.0
1	1	56	0.0
1	2	56	0.0
1	3	56	0.0
1	4	56	0.0
1	5	56	0.0
1	6	56	0.0
1	7	56	0.0
1	8	56	0.0
1	9	56	0.0
2	0	56	0.0
2	1	56	0.0
2	2	56	0.0
2	3	56	0.0
2	4	56	0.0
2	5	56	0.0
2	6	56	0.0
2	7	56	0.0
2	8	56	0.0
2	9	56	0.0
3	0	56	0.0
3	1	56	0.0
3	2	56	0.0
3	3	56	0.0
3	4	56	0.0
3	5	56	0.0
3	6	56	0.0
3	7	56	0.0
3	8	56	0.0
3	9	56	0.0
4	0	56	0.0
4	1	56	0.0
4	2	56	0.0
4	3	56	0.0
4	4	56	0.0
4	5	56	0.0
4	6	56	0.0
4	7	56	0.0
4	8	56	0.0
4	9	56	0.0
5	0	56	0.0
5	1	56	0.0
5	2	56	0.0
5	3	56	0.0
5	4	56	0.0
5	5	56	0.0
5	6	56	0.0
5	7	56	0.0
5	8	56	0.0
5	9	56	0.0
6	0	56	0.0
6	1	56	0.0
6	2	56	0.0
6	3	56	0.0
6	4	56	0.0
6	5	56	0.0
6	6	56	0.0
6	7	56	0.0
6	8	56	0.0
6	9	56	0.0
7	0	56	0.0
7	1	56	0.0
7	2	56	0.0
7	3	56	0.0
7	4	56	0.0
7	5	56	0.0
7	6	56	0.0
7	7	56	0.0
7	8	56	0.0
7	9	56	0.0
8	0	56	0.0
8	1	56	0.0
8	2	56	0.0
8	3	56	0.0
8	4	56	0.0
8	5	56	0.0
8	6	56	0.0
8	7	56	0.0
8	8	56	0.0
8	9	56	0.0
9	0	56	0.0
9	1	56	0.0
9	2	56	0.0
9	3	56	0.0
9	4	56	0.0
9	5	56	0.0
9	6	56	0.0
9	7	56	0.0
9	8	56	0.0
9	9	56	0.0
0	0	57	0.0
0	1	57	0.0
0	2	57	0.0
0	3	57	0.0
0	4	57	0.0
0	5	57	0.0
0	6	57	0.0
0	7	57	0.0
0	8	57	0.0
0	9	57	0.0
1	0	57	0.0
1	1	57	0.0
1	2	57	0.0
1	3	57	0.0
1	4	57	0.0
1	5	57	0.0
1	6	57	0.0
1	7	57	0.0
1	8	57	0.0
1	9	57	0.0
2	0	57	0.0
2	1	57	0.0
2	2	57	0.0
2	3	57	0.0
2	4	57	0.0
2	5	57	0.0
2	6	57	0.0
2	7	57	0.0
2	8	57	0.0
2	9	57	0.0
3	0	57	0.0
3	1	57	0.0
3	2	57	0.0
3	3	57	0.0
3	4	57	0.0
3	5	57	0.0
3	6	57	0.0
3	7	57	0.0
3	8	57	0.0
3	9	57	0.0
4	0	57	0.0
4	1	57	0.0
4	2	57	0.0
4	3	57	0.0
4	4	57	0.0
4	5	57	0.0
4	6	57	0.0
4	7	57	0.0
4	8	57	0.0
4	9	57	0.0
5	0	57	0.0
5	1	57	0.0
5	2	57	0.0
5	3	57	0.0
5	4	57	0.0
5	5	57	0.0
5	6	57	0.0
5	7	57	0.0
5	8	57	0.0
5	9	57	0.0
6	0	57	0.0
6	1	57	0.0
6	2	57	0.0
6	3	57	0.0
6	4	57	0.0
6	5	57	0.0
6	6	57	0.0
6	7	57	0.0
6	8	57	0.0
6	9	57	0.0
7	0	57	0.0
7	1	57	0.0
7	2	57	0.0
7	3	57	0.0
7	4	57	0.0
7	5	57	0.0
7	6	57	0.0
7	7	57	0.0
7	8	57	0.0
7	9	57	0.0
8	0	57	0.0
8	1	57	0.0
8	2	57	0.0
8	3	57	0.0
8	4	57	0.0
8	5	57	0.0
8	6	57	0.0
8	7	57	0.0
8	8	57	0.0
8	9	57	0.0
9	0	57	0.0
9	1	57	0.0
9	2	57	0.0
9	3	57	0.0
9	4	57	0.0
9	5	57	0.0
9	6	57	0.0
9	7	57	0.0
9	8	57	0.0
9	9	57	0.0
0	0	58	0.0
0	1	58	0.0
0	2	58	0.0
0	3	58	0.0
0	4	58	0.0
0	5	58	0.0
0	6	58	0.0
0	7	58	0.0
0	8	58	0.0
0	9	58	0.0
1	0	58	0.0
1	1	58	0.0
1	2	58	0.0
1	3	58	0.0
1	4	58	0.0
1	5	58	0.0
1	6	58	0.0
1	7	58	0.0
1	8	58	0.0
1	9	58	0.0
2	0	58	0.0
2	1	58	0.0
2	2	58	0.0
2	3	58	0.0
2	4	58	0.0
2	5	58	0.0
2	6	58	0.0
2	7	58	0.0
2	8	58	0.0
2	9	58	0.0
3	0	58	0.0
3	1	58	0.0
3	2	58	0.0
3	3	58	0.0
3	4	58	0.0
3	5	58	0.0
3	6	58	0.0
3	7	58	0.0
3	8	58	0.0
3	9	58	0.0
4	0	58	0.0
4	1	58	0.0
4	2	58	0.0
4	3	58	0.0
4	4	58	0.0
4	5	58	0.0
4	6	58	0.0
4	7	58	0.0
4	8	58	0.0
4	9	58	0.0
5	0	58	0.0
5	1	58	0.0
5	2	58	0.0
5	3	58	0.0
5	4	58	0.0
5	5	58	0.0
5	6	58	0.0
5	7	58	0.0
5	8	58	0.0
5	9	58	0.0
6	0	58	0.0
6	1	58	0.0
6	2	58	0.0
6	3	58	0.0
6	4	58	0.0
6	5	58	0.0
6	6	58	0.0
6	7	58	0.0
6	8	58	0.0
6	9	58	0.0
7	0	58	0.0
7	1	58	0.0
7	2	58	0.0
7	3	58	0.0
7	4	58	0.0
7	5	58	0.0
7	6	58	0.0
7	7	58	0.0
7	8	58	0.0
7	9	58	0.0
8	0	58	0.0
8	1	58	0.0
8	2	58	0.0
8	3	58	0.0
8	4	58	0.0
8	5	58	0.0
8	6	58	0.0
8	7	58	0.0
8	8	58	0.0
8	9	58	0.0
9	0	58	0.0
9	1	58	0.0
9	2	58	0.0
9	3	58	0.0
9	4	58	0.0
9	5	58	0.0
9	6	58	0.0
9	7	58	0.0
9	8	58	0.0
9	9	58	0.0
0	0	59	0.0
0	1	59	0.0
0	2	59	0.0
0	3	59	0.0
0	4	59	0.0
0	5	59	0.0
0	6	59	0.0
0	7	59	0.0
0	8	59	0.0
0	9	59	0.0
1	0	59	0.0
1	1	59	0.0
1	2	59	0.0
1	3	59	0.0
1	4	59	0.0
1	5	59	0.0
1	6	59	0.0
1	7	59	0.0
1	8	59	0.0
1	9	59	0.0
2	0	59	0.0
2	1	59	0.0
2	2	59	0.0
2	3	59	0.0
2	4	59	0.0
2	5	59	0.0
2	6	59	0.0
2	7	59	0.0
2	8	59	0.0
2	9	59	0.0
3	0	59	0.0
3	1	59	0.0
3	2	59	0.0
3	3	59	0.0
3	4	59	0.0
3	5	59	0.0
3	6	59	0.0
3	7	59	0.0
3	8	59	0.0
3	9	59	0.0
4	0	59	0.0
4	1	59	0.0
4	2	59	0.0
4	3	59	0.0
4	4	59	0.0
4	5	59	0.0
4	6	59	0.0
4	7	59	0.0
4	8	59	0.0
4	9	59	0.0
5	0	59	0.0
5	1	59	0.0
5	2	59	0.0
5	3	59	0.0
5	4	59	0.0
5	5	59	0.0
5	6	59	0.0
5	7	59	0.0
5	8	59	0.0
5	9	59	0.0
6	0	59	0.0
6	1	59	0.0
6	2	59	0.0
6	3	59	0.0
6	4	59	0.0
6	5	59	0.0
6	6	59	0.0
6	7	59	0.0
6	8	59	0.0
6	9	59	0.0
7	0	59	0.0
7	1	59	0.0
7	2	59	0.0
7	3	59	0.0
7	4	59	0.0
7	5	59	0.0
7	6	59	0.0
7	7	59	0.0
7	8	59	0.0
7	9	59	0.0
8	0	59	0.0
8	1	59	0.0
8	2	59	0.0
8	3	59	0.0
8	4	59	0.0
8	5	59	0.0
8	6	59	0.0
8	7	59	0.0
8	8	59	0.0
8	9	59	0.0
9	0	59	0.0
9	1	59	0.0
9	2	59	0.0
9	3	59	0.0
9	4	59	0.0
9	5	59	0.0
9	6	59	0.0
9	7	59	0.0
9	8	59	0.0
9	9	59	0.0
0	0	60	0.0
0	1	60	0.0
0	2	60	0.0
0	3	60	0.0
0	4	60	0.0
0	5	60	0.0
0	6	60	0.0
0	7	60	0.0
0	8	60	0.0
0	9	60	0.0
1	0	60	0.0
1	1	60	0.0
1	2	60	0.0
1	3	60	0.0
1	4	60	0.0
1	5	60	0.0
1	6	60	0.0
1	7	60	0.0
1	8	60	0.0
1	9	60	0.0
2	0	60	0.0
2	1	60	0.0
2	2	60	0.0
2	3	60	0.0
2	4	60	0.0
2	5	60	0.0
2	6	60	0.0
2	7	60	0.0
2	8	60	0.0
2	9	60	0.0
3	0	60	0.0
3	1	60	0.0
3	2	60	0.0
3	3	60	0.0
3	4	60	0.0
3	5	60	0.0
3	6	60	0.0
3	7	60	0.0
3	8	60	0.0
3	9	60	0.0
4	0	60	0.0
4	1	60	0.0
4	2	60	0.0
4	3	60	0.0
4	4	60	0.0
4	5	60	0.0
4	6	60	0.0
4	7	60	0.0
4	8	60	0.0
4	9	60	0.0
5	0	60	0.0
5	1	60	0.0
5	2	60	0.0
5	3	60	0.0
5	4	60	0.0
5	5	60	0.0
5	6	60	0.0
5	7	60	0.0
5	8	60	0.0
5	9	60	0.0
6	0	60	0.0
6	1	60	0.0
6	2	60	0.0
6	3	60	0.0
6	4	60	0.0
6	5	60	0.0
6	6	60	0.0
6	7	60	0.0
6	8	60	0.0
6	9	60	0.0
7	0	60	0.0
7	1	60	0.0
7	2	60	0.0
7	3	60	0.0
7	4	60	0.0
7	5	60	0.0
7	6	60	0.0
7	7	60	0.0
7	8	60	0.0
7	9	60	0.0
8	0	60	0.0
8	1	60	0.0
8	2	60	0.0
8	3	60	0.0
8	4	60	0.0
8	5	60	0.0
8	6	60	0.0
8	7	60	0.0
8	8	60	0.0
8	9	60	0.0
9	0	60	0.0
9	1	60	0.0
9	2	60	0.0
9	3	60	0.0
9	4	60	0.0
9	5	60	0.0
9	6	60	0.0
9	7	60	0.0
9	8	60	0.0
9	9	60	0.0
0	0	61	0.0
0	1	61	0.0
0	2	61	0.0
0	3	61	0.0
0	4	61	0.0
0	5	61	0.0
0	6	61	0.0
0	7	61	0.0
0	8	61	0.0
0	9	61	0.0
1	0	61	0.0
1	1	61	0.0
1	2	61	0.0
1	3	61	0.0
1	4	61	0.0
1	5	61	0.0
1	6	61	0.0
1	7	61	0.0
1	8	61	0.0
1	9	61	0.0
2	0	61	0.0
2	1	61	0.0
2	2	61	0.0
2	3	61	0.0
2	4	61	0.0
2	5	61	0.0
2	6	61	0.0
2	7	61	0.0
2	8	61	0.0
2	9	61	0.0
3	0	61	0.0
3	1	61	0.0
3	2	61	0.0
3	3	61	0.0
3	4	61	0.0
3	5	61	0.0
3	6	61	0.0
3	7	61	0.0
3	8	61	0.0
3	9	61	0.0
4	0	61	0.0
4	1	61	0.0
4	2	61	0.0
4	3	61	0.0
4	4	61	0.0
4	5	61	0.0
4	6	61	0.0
4	7	61	0.0
4	8	61	0.0
4	9	61	0.0
5	0	61	0.0
5	1	61	0.0
5	2	61	0.0
5	3	61	0.0
5	4	61	0.0
5	5	61	0.0
5	6	61	0.0
5	7	61	0.0
5	8	61	0.0
5	9	61	0.0
6	0	61	0.0
6	1	61	0.0
6	2	61	0.0
6	3	61	0.0
6	4	61	0.0
6	5	61	0.0
6	6	61	0.0
6	7	61	0.0
6	8	61	0.0
6	9	61	0.0
7	0	61	0.0
7	1	61	0.0
7	2	61	0.0
7	3	61	0.0
7	4	61	0.0
7	5	61	0.0
7	6	61	0.0
7	7	61	0.0
7	8	61	0.0
7	9	61	0.0
8	0	61	0.0
8	1	61	0.0
8	2	61	0.0
8	3	61	0.0
8	4	61	0.0
8	5	61	0.0
8	6	61	0.0
8	7	61	0.0
8	8	61	0.0
8	9	61	0.0
9	0	61	0.0
9	1	61	0.0
9	2	61	0.0
9	3	61	0.0
9	4	61	0.0
9	5	61	0.0
9	6	61	0.0
9	7	61	0.0
9	8	61	0.0
9	9	61	0.0
0	0	62	0.0
0	1	62	0.0
0	2	62	0.0
0	3	62	0.0
0	4	62	0.0
0	5	62	0.0
0	6	62	0.0
0	7	62	0.0
0	8	62	0.0
0	9	62	0.0
1	0	62	0.0
1	1	62	0.0
1	2	62	0.0
1	3	62	0.0
1	4	62	0.0
1	5	62	0.0
1	6	62	0.0
1	7	62	0.0
1	8	62	0.0
1	9	62	0.0
2	0	62	0.0
2	1	62	0.0
2	2	62	0.0
2	3	62	0.0
2	4	62	0.0
2	5	62	0.0
2	6	62	0.0
2	7	62	0.0
2	8	62	0.0
2	9	62	0.0
3	0	62	0.0
3	1	62	0.0
3	2	62	0.0
3	3	62	0.0
3	4	62	0.0
3	5	62	0.0
3	6	62	0.0
3	7	62	0.0
3	8	62	0.0
3	9	62	0.0
4	0	62	0.0
4	1	62	0.0
4	2	62	0.0
4	3	62	0.0
4	4	62	0.0
4	5	62	0.0
4	6	62	0.0
4	7	62	0.0
4	8	62	0.0
4	9	62	0.0
5	0	62	0.0
5	1	62	0.0
5	2	62	0.0
5	3	62	0.0
5	4	62	0.0
5	5	62	0.0
5	6	62	0.0
5	7	62	0.0
5	8	62	0.0
5	9	62	0.0
6	0	62	0.0
6	1	62	0.0
6	2	62	0.0
6	3	62	0.0
6	4	62	0.0
6	5	62	0.0
6	6	62	0.0
6	7	62	0.0
6	8	62	0.0
6	9	62	0.0
7	0	62	0.0
7	1	62	0.0
7	2	62	0.0
7	3	62	0.0
7	4	62	0.0
7	5	62	0.0
7	6	62	0.0
7	7	62	0.0
7	8	62	0.0
7	9	62	0.0
8	0	62	0.0
8	1	62	0.0
8	2	62	0.0
8	3	62	0.0
8	4	62	0.0
8	5	62	0.0
8	6	62	0.0
8	7	62	0.0
8	8	62	0.0
8	9	62	0.0
9	0	62	0.0
9	1	62	0.0
9	2	62	0.0
9	3	62	0.0
9	4	62	0.0
9	5	62	0.0
9	6	62	0.0
9	7	62	0.0
9	8	62	0.0
9	9	62	0.0
0	0	63	0.0
0	1	63	0.0
0	2	63	0.0
0	3	63	0.0
0	4	63	0.0
0	5	63	0.0
0	6	63	0.0
0	7	63	0.0
0	8	63	0.0
0	9	63	0.0
1	0	63	0.0
1	1	63	0.0
1	2	63	0.0
1	3	63	0.0
1	4	63	0.0
1	5	63	0.0
1	6	63	0.0
1	7	63	0.0
1	8	63	0.0
1	9	63	0.0
2	0	63	0.0
2	1	63	0.0
2	2	63	0.0
2	3	63	0.0
2	4	63	0.0
2	5	63	0.0
2	6	63	0.0
2	7	63	0.0
2	8	63	0.0
2	9	63	0.0
3	0	63	0.0
3	1	63	0.0
3	2	63	0.0
3	3	63	0.0
3	4	63	0.0
3	5	63	0.0
3	6	63	0.0
3	7	63	0.0
3	8	63	0.0
3	9	63	0.0
4	0	63	0.0
4	1	63	0.0
4	2	63	0.0
4	3	63	0.0
4	4	63	0.0
4	5	63	0.0
4	6	63	0.0
4	7	63	0.0
4	8	63	0.0
4	9	63	0.0
5	0	63	0.0
5	1	63	0.0
5	2	63	0.0
5	3	63	0.0
5	4	63	0.0
5	5	63	0.0
5	6	63	0.0
5	7	63	0.0
5	8	63	0.0
5	9	63	0.0
6	0	63	0.0
6	1	63	0.0
6	2	63	0.0
6	3	63	0.0
6	4	63	0.0
6	5	63	0.0
6	6	63	0.0
6	7	63	0.0
6	8	63	0.0
6	9	63	0.0
7	0	63	0.0
7	1	63	0.0
7	2	63	0.0
7	3	63	0.0
7	4	63	0.0
7	5	63	0.0
7	6	63	0.0
7	7	63	0.0
7	8	63	0.0
7	9	63	0.0
8	0	63	0.0
8	1	63	0.0
8	2	63	0.0
8	3	63	0.0
8	4	63	0.0
8	5	63	0.0
8	6	63	0.0
8	7	63	0.0
8	8	63	0.0
8	9	63	0.0
9	0	63	0.0
9	1	63	0.0
9	2	63	0.0
9	3	63	0.0
9	4	63	0.0
9	5	63	0.0
9	6	63	0.0
9	7	63	0.0
9	8	63	0.0
9	9	63	0.0
0	0	64	0.0
0	1	64	0.0
0	2	64	0.0
0	3	64	0.0
0	4	64	0.0
0	5	64	0.0
0	6	64	0.0
0	7	64	0.0
0	8	64	0.0
0	9	64	0.0
1	0	64	0.0
1	1	64	0.0
1	2	64	0.0
1	3	64	0.0
1	4	64	0.0
1	5	64	0.0
1	6	64	0.0
1	7	64	0.0
1	8	64	0.0
1	9	64	0.0
2	0	64	0.0
2	1	64	0.0
2	2	64	0.0
2	3	64	0.0
2	4	64	0.0
2	5	64	0.0
2	6	64	0.0
2	7	64	0.0
2	8	64	0.0
2	9	64	0.0
3	0	64	0.0
3	1	64	0.0
3	2	64	0.0
3	3	64	0.0
3	4	64	0.0
3	5	64	0.0
3	6	64	0.0
3	7	64	0.0
3	8	64	0.0
3	9	64	0.0
4	0	64	0.0
4	1	64	0.0
4	2	64	0.0
4	3	64	0.0
4	4	64	0.0
4	5	64	0.0
4	6	64	0.0
4	7	64	0.0
4	8	64	0.0
4	9	64	0.0
5	0	64	0.0
5	1	64	0.0
5	2	64	0.0
5	3	64	0.0
5	4	64	0.0
5	5	64	0.0
5	6	64	0.0
5	7	64	0.0
5	8	64	0.0
5	9	64	0.0
6	0	64	0.0
6	1	64	0.0
6	2	64	0.0
6	3	64	0.0
6	4	64	0.0
6	5	64	0.0
6	6	64	0.0
6	7	64	0.0
6	8	64	0.0
6	9	64	0.0
7	0	64	0.0
7	1	64	0.0
7	2	64	0.0
7	3	64	0.0
7	4	64	0.0
7	5	64	0.0
7	6	64	0.0
7	7	64	0.0
7	8	64	0.0
7	9	64	0.0
8	0	64	0.0
8	1	64	0.0
8	2	64	0.0
8	3	64	0.0
8	4	64	0.0
8	5	64	0.0
8	6	64	0.0
8	7	64	0.0
8	8	64	0.0
8	9	64	0.0
9	0	64	0.0
9	1	64	0.0
9	2	64	0.0
9	3	64	0.0
9	4	64	0.0
9	5	64	0.0
9	6	64	0.0
9	7	64	0.0
9	8	64	0.0
9	9	64	0.0
0	0	65	0.0
0	1	65	0.0
0	2	65	0.0
0	3	65	0.0
0	4	65	0.0
0	5	65	0.0
0	6	65	0.0
0	7	65	0.0
0	8	65	0.0
0	9	65	0.0
1	0	65	0.0
1	1	65	0.0
1	2	65	0.0
1	3	65	0.0
1	4	65	0.0
1	5	65	0.0
1	6	65	0.0
1	7	65	0.0
1	8	65	0.0
1	9	65	0.0
2	0	65	0.0
2	1	65	0.0
2	2	65	0.0
2	3	65	0.0
2	4	65	0.0
2	5	65	0.0
2	6	65	0.0
2	7	65	0.0
2	8	65	0.0
2	9	65	0.0
3	0	65	0.0
3	1	65	0.0
3	2	65	0.0
3	3	65	0.0
3	4	65	0.0
3	5	65	0.0
3	6	65	0.0
3	7	65	0.0
3	8	65	0.0
3	9	65	0.0
4	0	65	0.0
4	1	65	0.0
4	2	65	0.0
4	3	65	0.0
4	4	65	0.0
4	5	65	0.0
4	6	65	0.0
4	7	65	0.0
4	8	65	0.0
4	9	65	0.0
5	0	65	0.0
5	1	65	0.0
5	2	65	0.0
5	3	65	0.0
5	4	65	0.0
5	5	65	0.0
5	6	65	0.0
5	7	65	0.0
5	8	65	0.0
5	9	65	0.0
6	0	65	0.0
6	1	65	0.0
6	2	65	0.0
6	3	65	0.0
6	4	65	0.0
6	5	65	0.0
6	6	65	0.0
6	7	65	0.0
6	8	65	0.0
6	9	65	0.0
7	0	65	0.0
7	1	65	0.0
7	2	65	0.0
7	3	65	0.0
7	4	65	0.0
7	5	65	0.0
7	6	65	0.0
7	7	65	0.0
7	8	65	0.0
7	9	65	0.0
8	0	65	2.0
8	1	65	1.0
8	2	65	1.0
8	3	65	1.0
8	4	65	1.0
8	5	65	1.0
8	6	65	1.0
8	7	65	1.0
8	8	65	0.0
8	9	65	0.0
9	0	65	4.0
9	1	65	3.0
9	2	65	2.0
9	3	65	2.0
9	4	65	2.0
9	5	65	2.0
9	6	65	2.0
9	7	65	2.0
9	8	65	1.0
9	9	65	0.0
0	0	66	0.0
0	1	66	0.0
0	2	66	0.0
0	3	66	0.0
0	4	66	0.0
0	5	66	0.0
0	6	66	0.0
0	7	66	0.0
0	8	66	0.0
0	9	66	0.0
1	0	66	0.0
1	1	66	0.0
1	2	66	0.0
1	3	66	0.0
1	4	66	0.0
1	5	66	0.0
1	6	66	0.0
1	7	66	0.0
1	8	66	0.0
1	9	66	0.0
2	0	66	0.0
2	1	66	0.0
2	2	66	0.0
2	3	66	0.0
2	4	66	0.0
2	5	66	0.0
2	6	66	0.0
2	7	66	0.0
2	8	66	0.0
2	9	66	0.0
3	0	66	0.0
3	1	66	0.0
3	2	66	0.0
3	3	66	0.0
3	4	66	0.0
3	5	66	0.0
3	6	66	0.0
3	7	66	0.0
3	8	66	0.0
3	9	66	0.0
4	0	66	0.0
4	1	66	0.0
4	2	66	0.0
4	3	66	0.0
4	4	66	0.0
4	5	66	0.0
4	6	66	0.0
4	7	66	0.0
4	8	66	0.0
4	9	66	0.0
5	0	66	0.0
5	1	66	0.0
5	2	66	0.0
5	3	66	0.0
5	4	66	0.0
5	5	66	0.0
5	6	66	0.0
5	7	66	0.0
5	8	66	0.0
5	9	66	0.0
6	0	66	0.0
6	1	66	0.0
6	2	66	0.0
6	3	66	0.0
6	4	66	0.0
6	5	66	0.0
6	6	66	0.0
6	7	66	0.0
6	8	66	0.0
6	9	66	0.0
7	0	66	0.0
7	1	66	0.0
7	2	66	0.0
7	3	66	0.0
7	4	66	0.0
7	5	66	0.0
7	6	66	0.0
7	7	66	0.0
7	8	66	0.0
7	9	66	0.0
8	0	66	0.0
8	1	66	0.0
8	2	66	0.0
8	3	66	0.0
8	4	66	0.0
8	5	66	0.0
8	6	66	0.0
8	7	66	0.0
8	8	66	0.0
8	9	66	0.0
9	0	66	0.0
9	1	66	0.0
9	2	66	0.0
9	3	66	0.0
9	4	66	0.0
9	5	66	0.0
9	6	66	0.0
9	7	66	0.0
9	8	66	0.0
9	9	66	0.0
0	0	67	0.0
0	1	67	0.0
0	2	67	0.0
0	3	67	0.0
0	4	67	0.0
0	5	67	0.0
0	6	67	0.0
0	7	67	0.0
0	8	67	0.0
0	9	67	0.0
1	0	67	0.0
1	1	67	0.0
1	2	67	0.0
1	3	67	0.0
1	4	67	0.0
1	5	67	0.0
1	6	67	0.0
1	7	67	0.0
1	8	67	0.0
1	9	67	0.0
2	0	67	0.0
2	1	67	0.0
2	2	67	0.0
2	3	67	0.0
2	4	67	0.0
2	5	67	0.0
2	6	67	0.0
2	7	67	0.0
2	8	67	0.0
2	9	67	0.0
3	0	67	0.0
3	1	67	0.0
3	2	67	0.0
3	3	67	0.0
3	4	67	0.0
3	5	67	0.0
3	6	67	0.0
3	7	67	0.0
3	8	67	0.0
3	9	67	0.0
4	0	67	0.0
4	1	67	0.0
4	2	67	0.0
4	3	67	0.0
4	4	67	0.0
4	5	67	0.0
4	6	67	0.0
4	7	67	0.0
4	8	67	0.0
4	9	67	0.0
5	0	67	0.0
5	1	67	0.0
5	2	67	0.0
5	3	67	0.0
5	4	67	0.0
5	5	67	0.0
5	6	67	0.0
5	7	67	0.0
5	8	67	0.0
5	9	67	0.0
6	0	67	0.0
6	1	67	0.0
6	2	67	0.0
6	3	67	0.0
6	4	67	0.0
6	5	67	0.0
6	6	67	0.0
6	7	67	0.0
6	8	67	0.0
6	9	67	0.0
7	0	67	0.0
7	1	67	0.0
7	2	67	0.0
7	3	67	0.0
7	4	67	0.0
7	5	67	0.0
7	6	67	0.0
7	7	67	0.0
7	8	67	0.0
7	9	67	0.0
8	0	67	0.0
8	1	67	0.0
8	2	67	0.0
8	3	67	0.0
8	4	67	0.0
8	5	67	0.0
8	6	67	0.0
8	7	67	0.0
8	8	67	0.0
8	9	67	0.0
9	0	67	0.0
9	1	67	0.0
9	2	67	0.0
9	3	67	0.0
9	4	67	0.0
9	5	67	0.0
9	6	67	0.0
9	7	67	0.0
9	8	67	0.0
9	9	67	0.0
0	0	68	0.0
0	1	68	0.0
0	2	68	0.0
0	3	68	0.0
0	4	68	0.0
0	5	68	0.0
0	6	68	0.0
0	7	68	0.0
0	8	68	0.0
0	9	68	0.0
1	0	68	0.0
1	1	68	0.0
1	2	68	0.0
1	3	68	0.0
1	4	68	0.0
1	5	68	0.0
1	6	68	0.0
1	7	68	0.0
1	8	68	0.0
1	9	68	0.0
2	0	68	0.0
2	1	68	0.0
2	2	68	0.0
2	3	68	0.0
2	4	68	0.0
2	5	68	0.0
2	6	68	0.0
2	7	68	0.0
2	8	68	0.0
2	9	68	0.0
3	0	68	0.0
3	1	68	0.0
3	2	68	0.0
3	3	68	0.0
3	4	68	0.0
3	5	68	0.0
3	6	68	0.0
3	7	68	0.0
3	8	68	0.0
3	9	68	0.0
4	0	68	0.0
4	1	68	0.0
4	2	68	0.0
4	3	68	0.0
4	4	68	0.0
4	5	68	0.0
4	6	68	0.0
4	7	68	0.0
4	8	68	0.0
4	9	68	0.0
5	0	68	0.0
5	1	68	0.0
5	2	68	0.0
5	3	68	0.0
5	4	68	0.0
5	5	68	0.0
5	6	68	0.0
5	7	68	0.0
5	8	68	0.0
5	9	68	0.0
6	0	68	0.0
6	1	68	0.0
6	2	68	0.0
6	3	68	0.0
6	4	68	0.0
6	5	68	0.0
6	6	68	0.0
6	7	68	0.0
6	8	68	0.0
6	9	68	0.0
7	0	68	0.0
7	1	68	0.0
7	2	68	0.0
7	3	68	0.0
7	4	68	0.0
7	5	68	0.0
7	6	68	0.0
7	7	68	0.0
7	8	68	0.0
7	9	68	0.0
8	0	68	0.0
8	1	68	0.0
8	2	68	0.0
8	3	68	0.0
8	4	68	0.0
8	5	68	0.0
8	6	68	0.0
8	7	68	0.0
8	8	68	0.0
8	9	68	0.0
9	0	68	0.0
9	1	68	0.0
9	2	68	0.0
9	3	68	0.0
9	4	68	0.0
9	5	68	0.0
9	6	68	0.0
9	7	68	0.0
9	8	68	0.0
9	9	68	0.0
0	0	69	0.0
0	1	69	0.0
0	2	69	0.0
0	3	69	0.0
0	4	69	0.0
0	5	69	0.0
0	6	69	0.0
0	7	69	0.0
0	8	69	0.0
0	9	69	0.0
1	0	69	0.0
1	1	69	0.0
1	2	69	0.0
1	3	69	0.0
1	4	69	0.0
1	5	69	0.0
1	6	69	0.0
1	7	69	0.0
1	8	69	0.0
1	9	69	0.0
2	0	69	0.0
2	1	69	0.0
2	2	69	0.0
2	3	69	0.0
2	4	69	0.0
2	5	69	0.0
2	6	69	0.0
2	7	69	0.0
2	8	69	0.0
2	9	69	0.0
3	0	69	0.0
3	1	69	0.0
3	2	69	0.0
3	3	69	0.0
3	4	69	0.0
3	5	69	0.0
3	6	69	0.0
3	7	69	0.0
3	8	69	0.0
3	9	69	0.0
4	0	69	0.0
4	1	69	0.0
4	2	69	0.0
4	3	69	0.0
4	4	69	0.0
4	5	69	0.0
4	6	69	0.0
4	7	69	0.0
4	8	69	0.0
4	9	69	0.0
5	0	69	0.0
5	1	69	0.0
5	2	69	0.0
5	3	69	0.0
5	4	69	0.0
5	5	69	0.0
5	6	69	0.0
5	7	69	0.0
5	8	69	0.0
5	9	69	0.0
6	0	69	0.0
6	1	69	0.0
6	2	69	0.0
6	3	69	0.0
6	4	69	0.0
6	5	69	0.0
6	6	69	0.0
6	7	69	0.0
6	8	69	0.0
6	9	69	0.0
7	0	69	0.0
7	1	69	0.0
7	2	69	0.0
7	3	69	0.0
7	4	69	0.0
7	5	69	0.0
7	6	69	0.0
7	7	69	0.0
7	8	69	0.0
7	9	69	0.0
8	0	69	0.0
8	1	69	0.0
8	2	69	0.0
8	3	69	0.0
8	4	69	0.0
8	5	69	0.0
8	6	69	0.0
8	7	69	0.0
8	8	69	0.0
8	9	69	0.0
9	0	69	0.0
9	1	69	0.0
9	2	69	0.0
9	3	69	0.0
9	4	69	0.0
9	5	69	0.0
9	6	69	0.0
9	7	69	0.0
9	8	69	0.0
9	9	69	0.0
0	0	70	0.0
0	1	70	0.0
0	2	70	0.0
0	3	70	0.0
0	4	70	0.0
0	5	70	0.0
0	6	70	0.0
0	7	70	0.0
0	8	70	0.0
0	9	70	0.0
1	0	70	0.0
1	1	70	0.0
1	2	70	0.0
1	3	70	0.0
1	4	70	0.0
1	5	70	0.0
1	6	70	0.0
1	7	70	0.0
1	8	70	0.0
1	9	70	0.0
2	0	70	0.0
2	1	70	0.0
2	2	70	0.0
2	3	70	0.0
2	4	70	0.0
2	5	70	0.0
2	6	70	0.0
2	7	70	0.0
2	8	70	0.0
2	9	70	0.0
3	0	70	0.0
3	1	70	0.0
3	2	70	0.0
3	3	70	0.0
3	4	70	0.0
3	5	70	0.0
3	6	70	0.0
3	7	70	0.0
3	8	70	0.0
3	9	70	0.0
4	0	70	0.0
4	1	70	0.0
4	2	70	0.0
4	3	70	0.0
4	4	70	0.0
4	5	70	0.0
4	6	70	0.0
4	7	70	0.0
4	8	70	0.0
4	9	70	0.0
5	0	70	0.0
5	1	70	0.0
5	2	70	0.0
5	3	70	0.0
5	4	70	0.0
5	5	70	0.0
5	6	70	0.0
5	7	70	0.0
5	8	70	0.0
5	9	70	0.0
6	0	70	0.0
6	1	70	0.0
6	2	70	0.0
6	3	70	0.0
6	4	70	0.0
6	5	70	0.0
6	6	70	0.0
6	7	70	0.0
6	8	70	0.0
6	9	70	0.0
7	0	70	0.0
7	1	70	0.0
7	2	70	0.0
7	3	70	0.0
7	4	70	0.0
7	5	70	0.0
7	6	70	0.0
7	7	70	0.0
7	8	70	0.0
7	9	70	0.0
8	0	70	0.0
8	1	70	0.0
8	2	70	0.0
8	3	70	0.0
8	4	70	0.0
8	5	70	0.0
8	6	70	0.0
8	7	70	0.0
8	8	70	0.0
8	9	70	0.0
9	0	70	0.0
9	1	70	0.0
9	2	70	0.0
9	3	70	0.0
9	4	70	0.0
9	5	70	0.0
9	6	70	0.0
9	7	70	0.0
9	8	70	0.0
9	9	70	0.0
0	0	71	0.0
0	1	71	0.0
0	2	71	0.0
0	3	71	0.0
0	4	71	0.0
0	5	71	0.0
0	6	71	0.0
0	7	71	0.0
0	8	71	0.0
0	9	71	0.0
1	0	71	0.0
1	1	71	0.0
1	2	71	0.0
1	3	71	0.0
1	4	71	0.0
1	5	71	0.0
1	6	71	0.0
1	7	71	0.0
1	8	71	0.0
1	9	71	0.0
2	0	71	0.0
2	1	71	0.0
2	2	71	0.0
2	3	71	0.0
2	4	71	0.0
2	5	71	0.0
2	6	71	0.0
2	7	71	0.0
2	8	71	0.0
2	9	71	0.0
3	0	71	0.0
3	1	71	0.0
3	2	71	0.0
3	3	71	0.0
3	4	71	0.0
3	5	71	0.0
3	6	71	0.0
3	7	71	0.0
3	8	71	0.0
3	9	71	0.0
4	0	71	0.0
4	1	71	0.0
4	2	71	0.0
4	3	71	0.0
4	4	71	0.0
4	5	71	0.0
4	6	71	0.0
4	7	71	0.0
4	8	71	0.0
4	9	71	0.0
5	0	71	0.0
5	1	71	0.0
5	2	71	0.0
5	3	71	0.0
5	4	71	0.0
5	5	71	0.0
5	6	71	0.0
5	7	71	0.0
5	8	71	0.0
5	9	71	0.0
6	0	71	0.0
6	1	71	0.0
6	2	71	0.0
6	3	71	0.0
6	4	71	0.0
6	5	71	0.0
6	6	71	0.0
6	7	71	0.0
6	8	71	0.0
6	9	71	0.0
7	0	71	0.0
7	1	71	0.0
7	2	71	0.0
7	3	71	0.0
7	4	71	0.0
7	5	71	0.0
7	6	71	0.0
7	7	71	0.0
7	8	71	0.0
7	9	71	0.0
8	0	71	0.0
8	1	71	0.0
8	2	71	0.0
8	3	71	0.0
8	4	71	0.0
8	5	71	0.0
8	6	71	0.0
8	7	71	0.0
8	8	71	0.0
8	9	71	0.0
9	0	71	0.0
9	1	71	0.0
9	2	71	0.0
9	3	71	0.0
9	4	71	0.0
9	5	71	0.0
9	6	71	0.0
9	7	71	0.0
9	8	71	0.0
9	9	71	0.0
0	0	72	0.0
0	1	72	0.0
0	2	72	0.0
0	3	72	0.0
0	4	72	0.0
0	5	72	0.0
0	6	72	0.0
0	7	72	0.0
0	8	72	0.0
0	9	72	0.0
1	0	72	0.0
1	1	72	0.0
1	2	72	0.0
1	3	72	0.0
1	4	72	0.0
1	5	72	0.0
1	6	72	0.0
1	7	72	0.0
1	8	72	0.0
1	9	72	0.0
2	0	72	0.0
2	1	72	0.0
2	2	72	0.0
2	3	72	0.0
2	4	72	0.0
2	5	72	0.0
2	6	72	0.0
2	7	72	0.0
2	8	72	0.0
2	9	72	0.0
3	0	72	0.0
3	1	72	0.0
3	2	72	0.0
3	3	72	0.0
3	4	72	0.0
3	5	72	0.0
3	6	72	0.0
3	7	72	0.0
3	8	72	0.0
3	9	72	0.0
4	0	72	0.0
4	1	72	0.0
4	2	72	0.0
4	3	72	0.0
4	4	72	0.0
4	5	72	0.0
4	6	72	0.0
4	7	72	0.0
4	8	72	0.0
4	9	72	0.0
5	0	72	0.0
5	1	72	0.0
5	2	72	0.0
5	3	72	0.0
5	4	72	0.0
5	5	72	0.0
5	6	72	0.0
5	7	72	0.0
5	8	72	0.0
5	9	72	0.0
6	0	72	0.0
6	1	72	0.0
6	2	72	0.0
6	3	72	0.0
6	4	72	0.0
6	5	72	0.0
6	6	72	0.0
6	7	72	0.0
6	8	72	0.0
6	9	72	0.0
7	0	72	0.0
7	1	72	0.0
7	2	72	0.0
7	3	72	0.0
7	4	72	0.0
7	5	72	0.0
7	6	72	0.0
7	7	72	0.0
7	8	72	0.0
7	9	72	0.0
8	0	72	0.0
8	1	72	0.0
8	2	72	0.0
8	3	72	0.0
8	4	72	0.0
8	5	72	0.0
8	6	72	0.0
8	7	72	0.0
8	8	72	0.0
8	9	72	0.0
9	0	72	0.0
9	1	72	0.0
9	2	72	0.0
9	3	72	0.0
9	4	72	0.0
9	5	72	0.0
9	6	72	0.0
9	7	72	0.0
9	8	72	0.0
9	9	72	0.0
0	0	73	0.0
0	1	73	0.0
0	2	73	0.0
0	3	73	0.0
0	4	73	0.0
0	5	73	0.0
0	6	73	0.0
0	7	73	0.0
0	8	73	0.0
0	9	73	0.0
1	0	73	0.0
1	1	73	0.0
1	2	73	0.0
1	3	73	0.0
1	4	73	0.0
1	5	73	0.0
1	6	73	0.0
1	7	73	0.0
1	8	73	0.0
1	9	73	0.0
2	0	73	0.0
2	1	73	0.0
2	2	73	0.0
2	3	73	0.0
2	4	73	0.0
2	5	73	0.0
2	6	73	0.0
2	7	73	0.0
2	8	73	0.0
2	9	73	0.0
3	0	73	0.0
3	1	73	0.0
3	2	73	0.0
3	3	73	0.0
3	4	73	0.0
3	5	73	0.0
3	6	73	0.0
3	7	73	0.0
3	8	73	0.0
3	9	73	0.0
4	0	73	0.0
4	1	73	0.0
4	2	73	0.0
4	3	73	0.0
4	4	73	0.0
4	5	73	0.0
4	6	73	0.0
4	7	73	0.0
4	8	73	0.0
4	9	73	0.0
5	0	73	0.0
5	1	73	0.0
5	2	73	0.0
5	3	73	0.0
5	4	73	0.0
5	5	73	0.0
5	6	73	0.0
5	7	73	0.0
5	8	73	0.0
5	9	73	0.0
6	0	73	0.0
6	1	73	0.0
6	2	73	0.0
6	3	73	0.0
6	4	73	0.0
6	5	73	0.0
6	6	73	0.0
6	7	73	0.0
6	8	73	0.0
6	9	73	0.0
7	0	73	0.0
7	1	73	0.0
7	2	73	0.0
7	3	73	0.0
7	4	73	0.0
7	5	73	0.0
7	6	73	0.0
7	7	73	0.0
7	8	73	0.0
7	9	73	0.0
8	0	73	0.0
8	1	73	0.0
8	2	73	0.0
8	3	73	0.0
8	4	73	0.0
8	5	73	0.0
8	6	73	0.0
8	7	73	0.0
8	8	73	0.0
8	9	73	0.0
9	0	73	0.0
9	1	73	0.0
9	2	73	0.0
9	3	73	0.0
9	4	73	0.0
9	5	73	0.0
9	6	73	0.0
9	7	73	0.0
9	8	73	0.0
9	9	73	0.0
0	0	74	0.0
0	1	74	0.0
0	2	74	0.0
0	3	74	0.0
0	4	74	0.0
0	5	74	0.0
0	6	74	0.0
0	7	74	0.0
0	8	74	0.0
0	9	74	0.0
1	0	74	0.0
1	1	74	0.0
1	2	74	0.0
1	3	74	0.0
1	4	74	0.0
1	5	74	0.0
1	6	74	0.0
1	7	74	0.0
1	8	74	0.0
1	9	74	0.0
2	0	74	0.0
2	1	74	0.0
2	2	74	0.0
2	3	74	0.0
2	4	74	0.0
2	5	74	0.0
2	6	74	0.0
2	7	74	0.0
2	8	74	0.0
2	9	74	0.0
3	0	74	0.0
3	1	74	0.0
3	2	74	0.0
3	3	74	0.0
3	4	74	0.0
3	5	74	0.0
3	6	74	0.0
3	7	74	0.0
3	8	74	0.0
3	9	74	0.0
4	0	74	0.0
4	1	74	0.0
4	2	74	0.0
4	3	74	0.0
4	4	74	0.0
4	5	74	0.0
4	6	74	0.0
4	7	74	0.0
4	8	74	0.0
4	9	74	0.0
5	0	74	0.0
5	1	74	0.0
5	2	74	0.0
5	3	74	0.0
5	4	74	0.0
5	5	74	0.0
5	6	74	0.0
5	7	74	0.0
5	8	74	0.0
5	9	74	0.0
6	0	74	0.0
6	1	74	0.0
6	2	74	0.0
6	3	74	0.0
6	4	74	0.0
6	5	74	0.0
6	6	74	0.0
6	7	74	0.0
6	8	74	0.0
6	9	74	0.0
7	0	74	0.0
7	1	74	0.0
7	2	74	0.0
7	3	74	0.0
7	4	74	0.0
7	5	74	0.0
7	6	74	0.0
7	7	74	0.0
7	8	74	0.0
7	9	74	0.0
8	0	74	0.0
8	1	74	0.0
8	2	74	0.0
8	3	74	0.0
8	4	74	0.0
8	5	74	0.0
8	6	74	0.0
8	7	74	0.0
8	8	74	0.0
8	9	74	0.0
9	0	74	0.0
9	1	74	0.0
9	2	74	0.0
9	3	74	0.0
9	4	74	0.0
9	5	74	0.0
9	6	74	0.0
9	7	74	0.0
9	8	74	0.0
9	9	74	0.0
0	0	75	0.0
0	1	75	0.0
0	2	75	0.0
0	3	75	0.0
0	4	75	0.0
0	5	75	0.0
0	6	75	0.0
0	7	75	0.0
0	8	75	0.0
0	9	75	0.0
1	0	75	0.0
1	1	75	0.0
1	2	75	0.0
1	3	75	0.0
1	4	75	0.0
1	5	75	0.0
1	6	75	0.0
1	7	75	0.0
1	8	75	0.0
1	9	75	0.0
2	0	75	0.0
2	1	75	0.0
2	2	75	0.0
2	3	75	0.0
2	4	75	0.0
2	5	75	0.0
2	6	75	0.0
2	7	75	0.0
2	8	75	0.0
2	9	75	0.0
3	0	75	0.0
3	1	75	0.0
3	2	75	0.0
3	3	75	0.0
3	4	75	0.0
3	5	75	0.0
3	6	75	0.0
3	7	75	0.0
3	8	75	0.0
3	9	75	0.0
4	0	75	0.0
4	1	75	0.0
4	2	75	0.0
4	3	75	0.0
4	4	75	0.0
4	5	75	0.0
4	6	75	0.0
4	7	75	0.0
4	8	75	0.0
4	9	75	0.0
5	0	75	0.0
5	1	75	0.0
5	2	75	0.0
5	3	75	0.0
5	4	75	0.0
5	5	75	0.0
5	6	75	0.0
5	7	75	0.0
5	8	75	0.0
5	9	75	0.0
6	0	75	0.0
6	1	75	0.0
6	2	75	0.0
6	3	75	0.0
6	4	75	0.0
6	5	75	0.0
6	6	75	0.0
6	7	75	0.0
6	8	75	0.0
6	9	75	0.0
7	0	75	0.0
7	1	75	0.0
7	2	75	0.0
7	3	75	0.0
7	4	75	0.0
7	5	75	0.0
7	6	75	0.0
7	7	75	0.0
7	8	75	0.0
7	9	75	0.0
8	0	75	0.0
8	1	75	0.0
8	2	75	0.0
8	3	75	0.0
8	4	75	0.0
8	5	75	0.0
8	6	75	0.0
8	7	75	0.0
8	8	75	0.0
8	9	75	0.0
9	0	75	0.0
9	1	75	0.0
9	2	75	0.0
9	3	75	0.0
9	4	75	0.0
9	5	75	0.0
9	6	75	0.0
9	7	75	0.0
9	8	75	0.0
9	9	75	0.0
0	0	76	0.0
0	1	76	0.0
0	2	76	0.0
0	3	76	0.0
0	4	76	0.0
0	5	76	0.0
0	6	76	0.0
0	7	76	0.0
0	8	76	0.0
0	9	76	0.0
1	0	76	0.0
1	1	76	0.0
1	2	76	0.0
1	3	76	0.0
1	4	76	0.0
1	5	76	0.0
1	6	76	0.0
1	7	76	0.0
1	8	76	0.0
1	9	76	0.0
2	0	76	0.0
2	1	76	0.0
2	2	76	0.0
2	3	76	0.0
2	4	76	0.0
2	5	76	0.0
2	6	76	0.0
2	7	76	0.0
2	8	76	0.0
2	9	76	0.0
3	0	76	0.0
3	1	76	0.0
3	2	76	0.0
3	3	76	0.0
3	4	76	0.0
3	5	76	0.0
3	6	76	0.0
3	7	76	0.0
3	8	76	0.0
3	9	76	0.0
4	0	76	0.0
4	1	76	0.0
4	2	76	0.0
4	3	76	0.0
4	4	76	0.0
4	5	76	0.0
4	6	76	0.0
4	7	76	0.0
4	8	76	0.0
4	9	76	0.0
5	0	76	0.0
5	1	76	0.0
5	2	76	0.0
5	3	76	0.0
5	4	76	0.0
5	5	76	0.0
5	6	76	0.0
5	7	76	0.0
5	8	76	0.0
5	9	76	0.0
6	0	76	0.0
6	1	76	0.0
6	2	76	0.0
6	3	76	0.0
6	4	76	0.0
6	5	76	0.0
6	6	76	0.0
6	7	76	0.0
6	8	76	0.0
6	9	76	0.0
7	0	76	0.0
7	1	76	0.0
7	2	76	0.0
7	3	76	0.0
7	4	76	0.0
7	5	76	0.0
7	6	76	0.0
7	7	76	0.0
7	8	76	0.0
7	9	76	0.0
8	0	76	0.0
8	1	76	0.0
8	2	76	0.0
8	3	76	0.0
8	4	76	0.0
8	5	76	0.0
8	6	76	0.0
8	7	76	0.0
8	8	76	0.0
8	9	76	0.0
9	0	76	0.0
9	1	76	0.0
9	2	76	0.0
9	3	76	0.0
9	4	76	0.0
9	5	76	0.0
9	6	76	0.0
9	7	76	0.0
9	8	76	0.0
9	9	76	0.0
0	0	77	0.0
0	1	77	0.0
0	2	77	0.0
0	3	77	0.0
0	4	77	0.0
0	5	77	0.0
0	6	77	0.0
0	7	77	0.0
0	8	77	0.0
0	9	77	0.0
1	0	77	0.0
1	1	77	0.0
1	2	77	0.0
1	3	77	0.0
1	4	77	0.0
1	5	77	0.0
1	6	77	0.0
1	7	77	0.0
1	8	77	0.0
1	9	77	0.0
2	0	77	0.0
2	1	77	0.0
2	2	77	0.0
2	3	77	0.0
2	4	77	0.0
2	5	77	0.0
2	6	77	0.0
2	7	77	0.0
2	8	77	0.0
2	9	77	0.0
3	0	77	0.0
3	1	77	0.0
3	2	77	0.0
3	3	77	0.0
3	4	77	0.0
3	5	77	0.0
3	6	77	0.0
3	7	77	0.0
3	8	77	0.0
3	9	77	0.0
4	0	77	0.0
4	1	77	0.0
4	2	77	0.0
4	3	77	0.0
4	4	77	0.0
4	5	77	0.0
4	6	77	0.0
4	7	77	0.0
4	8	77	0.0
4	9	77	0.0
5	0	77	0.0
5	1	77	0.0
5	2	77	0.0
5	3	77	0.0
5	4	77	0.0
5	5	77	0.0
5	6	77	0.0
5	7	77	0.0
5	8	77	0.0
5	9	77	0.0
6	0	77	0.0
6	1	77	0.0
6	2	77	0.0
6	3	77	0.0
6	4	77	0.0
6	5	77	0.0
6	6	77	0.0
6	7	77	0.0
6	8	77	0.0
6	9	77	0.0
7	0	77	0.0
7	1	77	0.0
7	2	77	0.0
7	3	77	0.0
7	4	77	0.0
7	5	77	0.0
7	6	77	0.0
7	7	77	0.0
7	8	77	0.0
7	9	77	0.0
8	0	77	0.0
8	1	77	0.0
8	2	77	0.0
8	3	77	0.0
8	4	77	0.0
8	5	77	0.0
8	6	77	0.0
8	7	77	0.0
8	8	77	0.0
8	9	77	0.0
9	0	77	0.0
9	1	77	0.0
9	2	77	0.0
9	3	77	0.0
9	4	77	0.0
9	5	77	0.0
9	6	77	0.0
9	7	77	0.0
9	8	77	0.0
9	9	77	0.0
0	0	78	0.0
0	1	78	0.0
0	2	78	0.0
0	3	78	0.0
0	4	78	0.0
0	5	78	0.0
0	6	78	0.0
0	7	78	0.0
0	8	78	0.0
0	9	78	0.0
1	0	78	0.0
1	1	78	0.0
1	2	78	0.0
1	3	78	0.0
1	4	78	0.0
1	5	78	0.0
1	6	78	0.0
1	7	78	0.0
1	8	78	0.0
1	9	78	0.0
2	0	78	0.0
2	1	78	0.0
2	2	78	0.0
2	3	78	0.0
2	4	78	0.0
2	5	78	0.0
2	6	78	0.0
2	7	78	0.0
2	8	78	0.0
2	9	78	0.0
3	0	78	0.0
3	1	78	0.0
3	2	78	0.0
3	3	78	0.0
3	4	78	0.0
3	5	78	0.0
3	6	78	0.0
3	7	78	0.0
3	8	78	0.0
3	9	78	0.0
4	0	78	0.0
4	1	78	0.0
4	2	78	0.0
4	3	78	0.0
4	4	78	0.0
4	5	78	0.0
4	6	78	0.0
4	7	78	0.0
4	8	78	0.0
4	9	78	0.0
5	0	78	0.0
5	1	78	0.0
5	2	78	0.0
5	3	78	0.0
5	4	78	0.0
5	5	78	0.0
5	6	78	0.0
5	7	78	0.0
5	8	78	0.0
5	9	78	0.0
6	0	78	0.0
6	1	78	0.0
6	2	78	0.0
6	3	78	0.0
6	4	78	0.0
6	5	78	0.0
6	6	78	0.0
6	7	78	0.0
6	8	78	0.0
6	9	78	0.0
7	0	78	0.0
7	1	78	0.0
7	2	78	0.0
7	3	78	0.0
7	4	78	0.0
7	5	78	0.0
7	6	78	0.0
7	7	78	0.0
7	8	78	0.0
7	9	78	0.0
8	0	78	0.0
8	1	78	0.0
8	2	78	0.0
8	3	78	0.0
8	4	78	0.0
8	5	78	0.0
8	6	78	0.0
8	7	78	0.0
8	8	78	0.0
8	9	78	0.0
9	0	78	0.0
9	1	78	0.0
9	2	78	0.0
9	3	78	0.0
9	4	78	0.0
9	5	78	0.0
9	6	78	0.0
9	7	78	0.0
9	8	78	0.0
9	9	78	0.0
0	0	79	0.0
0	1	79	0.0
0	2	79	0.0
0	3	79	0.0
0	4	79	0.0
0	5	79	0.0
0	6	79	0.0
0	7	79	0.0
0	8	79	0.0
0	9	79	0.0
1	0	79	0.0
1	1	79	0.0
1	2	79	0.0
1	3	79	0.0
1	4	79	0.0
1	5	79	0.0
1	6	79	0.0
1	7	79	0.0
1	8	79	0.0
1	9	79	0.0
2	0	79	0.0
2	1	79	0.0
2	2	79	0.0
2	3	79	0.0
2	4	79	0.0
2	5	79	0.0
2	6	79	0.0
2	7	79	0.0
2	8	79	0.0
2	9	79	0.0
3	0	79	0.0
3	1	79	0.0
3	2	79	0.0
3	3	79	0.0
3	4	79	0.0
3	5	79	0.0
3	6	79	0.0
3	7	79	0.0
3	8	79	0.0
3	9	79	0.0
4	0	79	0.0
4	1	79	0.0
4	2	79	0.0
4	3	79	0.0
4	4	79	0.0
4	5	79	0.0
4	6	79	0.0
4	7	79	0.0
4	8	79	0.0
4	9	79	0.0
5	0	79	0.0
5	1	79	0.0
5	2	79	0.0
5	3	79	0.0
5	4	79	0.0
5	5	79	0.0
5	6	79	0.0
5	7	79	0.0
5	8	79	0.0
5	9	79	0.0
6	0	79	0.0
6	1	79	0.0
6	2	79	0.0
6	3	79	0.0
6	4	79	0.0
6	5	79	0.0
6	6	79	0.0
6	7	79	0.0
6	8	79	0.0
6	9	79	0.0
7	0	79	0.0
7	1	79	0.0
7	2	79	0.0
7	3	79	0.0
7	4	79	0.0
7	5	79	0.0
7	6	79	0.0
7	7	79	0.0
7	8	79	0.0
7	9	79	0.0
8	0	79	0.0
8	1	79	0.0
8	2	79	0.0
8	3	79	0.0
8	4	79	0.0
8	5	79	0.0
8	6	79	0.0
8	7	79	0.0
8	8	79	0.0
8	9	79	0.0
9	0	79	0.0
9	1	79	0.0
9	2	79	0.0
9	3	79	0.0
9	4	79	0.0
9	5	79	0.0
9	6	79	0.0
9	7	79	0.0
9	8	79	0.0
9	9	79	0.0
0	0	80	0.0
0	1	80	0.0
0	2	80	0.0
0	3	80	0.0
0	4	80	0.0
0	5	80	0.0
0	6	80	0.0
0	7	80	0.0
0	8	80	0.0
0	9	80	0.0
1	0	80	0.0
1	1	80	0.0
1	2	80	0.0
1	3	80	0.0
1	4	80	0.0
1	5	80	0.0
1	6	80	0.0
1	7	80	0.0
1	8	80	0.0
1	9	80	0.0
2	0	80	0.0
2	1	80	0.0
2	2	80	0.0
2	3	80	0.0
2	4	80	0.0
2	5	80	0.0
2	6	80	0.0
2	7	80	0.0
2	8	80	0.0
2	9	80	0.0
3	0	80	0.0
3	1	80	0.0
3	2	80	0.0
3	3	80	0.0
3	4	80	0.0
3	5	80	0.0
3	6	80	0.0
3	7	80	0.0
3	8	80	0.0
3	9	80	0.0
4	0	80	0.0
4	1	80	0.0
4	2	80	0.0
4	3	80	0.0
4	4	80	0.0
4	5	80	0.0
4	6	80	0.0
4	7	80	0.0
4	8	80	0.0
4	9	80	0.0
5	0	80	0.0
5	1	80	0.0
5	2	80	0.0
5	3	80	0.0
5	4	80	0.0
5	5	80	0.0
5	6	80	0.0
5	7	80	0.0
5	8	80	0.0
5	9	80	0.0
6	0	80	0.0
6	1	80	0.0
6	2	80	0.0
6	3	80	0.0
6	4	80	0.0
6	5	80	0.0
6	6	80	0.0
6	7	80	0.0
6	8	80	0.0
6	9	80	0.0
7	0	80	0.0
7	1	80	0.0
7	2	80	0.0
7	3	80	0.0
7	4	80	0.0
7	5	80	0.0
7	6	80	0.0
7	7	80	0.0
7	8	80	0.0
7	9	80	0.0
8	0	80	0.0
8	1	80	0.0
8	2	80	0.0
8	3	80	0.0
8	4	80	0.0
8	5	80	0.0
8	6	80	0.0
8	7	80	0.0
8	8	80	0.0
8	9	80	0.0
9	0	80	0.0
9	1	80	0.0
9	2	80	0.0
9	3	80	0.0
9	4	80	0.0
9	5	80	0.0
9	6	80	0.0
9	7	80	0.0
9	8	80	0.0
9	9	80	0.0
0	0	81	0.0
0	1	81	0.0
0	2	81	0.0
0	3	81	0.0
0	4	81	0.0
0	5	81	0.0
0	6	81	0.0
0	7	81	0.0
0	8	81	0.0
0	9	81	0.0
1	0	81	0.0
1	1	81	0.0
1	2	81	0.0
1	3	81	0.0
1	4	81	0.0
1	5	81	0.0
1	6	81	0.0
1	7	81	0.0
1	8	81	0.0
1	9	81	0.0
2	0	81	0.0
2	1	81	0.0
2	2	81	0.0
2	3	81	0.0
2	4	81	0.0
2	5	81	0.0
2	6	81	0.0
2	7	81	0.0
2	8	81	0.0
2	9	81	0.0
3	0	81	0.0
3	1	81	0.0
3	2	81	0.0
3	3	81	0.0
3	4	81	0.0
3	5	81	0.0
3	6	81	0.0
3	7	81	0.0
3	8	81	0.0
3	9	81	0.0
4	0	81	0.0
4	1	81	0.0
4	2	81	0.0
4	3	81	0.0
4	4	81	0.0
4	5	81	0.0
4	6	81	0.0
4	7	81	0.0
4	8	81	0.0
4	9	81	0.0
5	0	81	0.0
5	1	81	0.0
5	2	81	0.0
5	3	81	0.0
5	4	81	0.0
5	5	81	0.0
5	6	81	0.0
5	7	81	0.0
5	8	81	0.0
5	9	81	0.0
6	0	81	0.0
6	1	81	0.0
6	2	81	0.0
6	3	81	0.0
6	4	81	0.0
6	5	81	0.0
6	6	81	0.0
6	7	81	0.0
6	8	81	0.0
6	9	81	0.0
7	0	81	0.0
7	1	81	0.0
7	2	81	0.0
7	3	81	0.0
7	4	81	0.0
7	5	81	0.0
7	6	81	0.0
7	7	81	0.0
7	8	81	0.0
7	9	81	0.0
8	0	81	0.0
8	1	81	0.0
8	2	81	0.0
8	3	81	0.0
8	4	81	0.0
8	5	81	0.0
8	6	81	0.0
8	7	81	0.0
8	8	81	0.0
8	9	81	0.0
9	0	81	0.0
9	1	81	0.0
9	2	81	0.0
9	3	81	0.0
9	4	81	0.0
9	5	81	0.0
9	6	81	0.0
9	7	81	0.0
9	8	81	0.0
9	9	81	0.0
0	0	82	0.0
0	1	82	0.0
0	2	82	0.0
0	3	82	0.0
0	4	82	0.0
0	5	82	0.0
0	6	82	0.0
0	7	82	0.0
0	8	82	0.0
0	9	82	0.0
1	0	82	0.0
1	1	82	0.0
1	2	82	0.0
1	3	82	0.0
1	4	82	0.0
1	5	82	0.0
1	6	82	0.0
1	7	82	0.0
1	8	82	0.0
1	9	82	0.0
2	0	82	0.0
2	1	82	0.0
2	2	82	0.0
2	3	82	0.0
2	4	82	0.0
2	5	82	0.0
2	6	82	0.0
2	7	82	0.0
2	8	82	0.0
2	9	82	0.0
3	0	82	0.0
3	1	82	0.0
3	2	82	0.0
3	3	82	0.0
3	4	82	0.0
3	5	82	0.0
3	6	82	0.0
3	7	82	0.0
3	8	82	0.0
3	9	82	0.0
4	0	82	0.0
4	1	82	0.0
4	2	82	0.0
4	3	82	0.0
4	4	82	0.0
4	5	82	0.0
4	6	82	0.0
4	7	82	0.0
4	8	82	0.0
4	9	82	0.0
5	0	82	0.0
5	1	82	0.0
5	2	82	0.0
5	3	82	0.0
5	4	82	0.0
5	5	82	0.0
5	6	82	0.0
5	7	82	0.0
5	8	82	0.0
5	9	82	0.0
6	0	82	0.0
6	1	82	0.0
6	2	82	0.0
6	3	82	0.0
6	4	82	0.0
6	5	82	0.0
6	6	82	0.0
6	7	82	0.0
6	8	82	0.0
6	9	82	0.0
7	0	82	0.0
7	1	82	0.0
7	2	82	0.0
7	3	82	0.0
7	4	82	0.0
7	5	82	0.0
7	6	82	0.0
7	7	82	0.0
7	8	82	0.0
7	9	82	0.0
8	0	82	0.0
8	1	82	0.0
8	2	82	0.0
8	3	82	0.0
8	4	82	0.0
8	5	82	0.0
8	6	82	0.0
8	7	82	0.0
8	8	82	0.0
8	9	82	0.0
9	0	82	0.0
9	1	82	0.0
9	2	82	0.0
9	3	82	0.0
9	4	82	0.0
9	5	82	0.0
9	6	82	0.0
9	7	82	0.0
9	8	82	0.0
9	9	82	0.0
0	0	83	0.0
0	1	83	0.0
0	2	83	0.0
0	3	83	0.0
0	4	83	0.0
0	5	83	0.0
0	6	83	0.0
0	7	83	0.0
0	8	83	0.0
0	9	83	0.0
1	0	83	0.0
1	1	83	0.0
1	2	83	0.0
1	3	83	0.0
1	4	83	0.0
1	5	83	0.0
1	6	83	0.0
1	7	83	0.0
1	8	83	0.0
1	9	83	0.0
2	0	83	0.0
2	1	83	0.0
2	2	83	0.0
2	3	83	0.0
2	4	83	0.0
2	5	83	0.0
2	6	83	0.0
2	7	83	0.0
2	8	83	0.0
2	9	83	0.0
3	0	83	0.0
3	1	83	0.0
3	2	83	0.0
3	3	83	0.0
3	4	83	0.0
3	5	83	0.0
3	6	83	0.0
3	7	83	0.0
3	8	83	0.0
3	9	83	0.0
4	0	83	0.0
4	1	83	0.0
4	2	83	0.0
4	3	83	0.0
4	4	83	0.0
4	5	83	0.0
4	6	83	0.0
4	7	83	0.0
4	8	83	0.0
4	9	83	0.0
5	0	83	0.0
5	1	83	0.0
5	2	83	0.0
5	3	83	0.0
5	4	83	0.0
5	5	83	0.0
5	6	83	0.0
5	7	83	0.0
5	8	83	0.0
5	9	83	0.0
6	0	83	0.0
6	1	83	0.0
6	2	83	0.0
6	3	83	0.0
6	4	83	0.0
6	5	83	0.0
6	6	83	0.0
6	7	83	0.0
6	8	83	0.0
6	9	83	0.0
7	0	83	0.0
7	1	83	0.0
7	2	83	0.0
7	3	83	0.0
7	4	83	0.0
7	5	83	0.0
7	6	83	0.0
7	7	83	0.0
7	8	83	0.0
7	9	83	0.0
8	0	83	0.0
8	1	83	0.0
8	2	83	0.0
8	3	83	0.0
8	4	83	0.0
8	5	83	0.0
8	6	83	0.0
8	7	83	0.0
8	8	83	0.0
8	9	83	0.0
9	0	83	0.0
9	1	83	0.0
9	2	83	0.0
9	3	83	0.0
9	4	83	0.0
9	5	83	0.0
9	6	83	0.0
9	7	83	0.0
9	8	83	0.0
9	9	83	0.0
0	0	84	0.0
0	1	84	0.0
0	2	84	0.0
0	3	84	0.0
0	4	84	0.0
0	5	84	0.0
0	6	84	0.0
0	7	84	0.0
0	8	84	0.0
0	9	84	0.0
1	0	84	0.0
1	1	84	0.0
1	2	84	0.0
1	3	84	0.0
1	4	84	0.0
1	5	84	0.0
1	6	84	0.0
1	7	84	0.0
1	8	84	0.0
1	9	84	0.0
2	0	84	0.0
2	1	84	0.0
2	2	84	0.0
2	3	84	0.0
2	4	84	0.0
2	5	84	0.0
2	6	84	0.0
2	7	84	0.0
2	8	84	0.0
2	9	84	0.0
3	0	84	0.0
3	1	84	0.0
3	2	84	0.0
3	3	84	0.0
3	4	84	0.0
3	5	84	0.0
3	6	84	0.0
3	7	84	0.0
3	8	84	0.0
3	9	84	0.0
4	0	84	0.0
4	1	84	0.0
4	2	84	0.0
4	3	84	0.0
4	4	84	0.0
4	5	84	0.0
4	6	84	0.0
4	7	84	0.0
4	8	84	0.0
4	9	84	0.0
5	0	84	0.0
5	1	84	0.0
5	2	84	0.0
5	3	84	0.0
5	4	84	0.0
5	5	84	0.0
5	6	84	0.0
5	7	84	0.0
5	8	84	0.0
5	9	84	0.0
6	0	84	0.0
6	1	84	0.0
6	2	84	0.0
6	3	84	0.0
6	4	84	0.0
6	5	84	0.0
6	6	84	0.0
6	7	84	0.0
6	8	84	0.0
6	9	84	0.0
7	0	84	0.0
7	1	84	0.0
7	2	84	0.0
7	3	84	0.0
7	4	84	0.0
7	5	84	0.0
7	6	84	0.0
7	7	84	0.0
7	8	84	0.0
7	9	84	0.0
8	0	84	0.0
8	1	84	0.0
8	2	84	0.0
8	3	84	0.0
8	4	84	0.0
8	5	84	0.0
8	6	84	0.0
8	7	84	0.0
8	8	84	0.0
8	9	84	0.0
9	0	84	0.0
9	1	84	0.0
9	2	84	0.0
9	3	84	0.0
9	4	84	0.0
9	5	84	0.0
9	6	84	0.0
9	7	84	0.0
9	8	84	0.0
9	9	84	0.0
0	0	85	0.0
0	1	85	0.0
0	2	85	0.0
0	3	85	0.0
0	4	85	0.0
0	5	85	0.0
0	6	85	0.0
0	7	85	0.0
0	8	85	0.0
0	9	85	0.0
1	0	85	0.0
1	1	85	0.0
1	2	85	0.0
1	3	85	0.0
1	4	85	0.0
1	5	85	0.0
1	6	85	0.0
1	7	85	0.0
1	8	85	0.0
1	9	85	0.0
2	0	85	0.0
2	1	85	0.0
2	2	85	0.0
2	3	85	0.0
2	4	85	0.0
2	5	85	0.0
2	6	85	0.0
2	7	85	0.0
2	8	85	0.0
2	9	85	0.0
3	0	85	0.0
3	1	85	0.0
3	2	85	0.0
3	3	85	0.0
3	4	85	0.0
3	5	85	0.0
3	6	85	0.0
3	7	85	0.0
3	8	85	0.0
3	9	85	0.0
4	0	85	0.0
4	1	85	0.0
4	2	85	0.0
4	3	85	0.0
4	4	85	0.0
4	5	85	0.0
4	6	85	0.0
4	7	85	0.0
4	8	85	0.0
4	9	85	0.0
5	0	85	0.0
5	1	85	0.0
5	2	85	0.0
5	3	85	0.0
5	4	85	0.0
5	5	85	0.0
5	6	85	0.0
5	7	85	0.0
5	8	85	0.0
5	9	85	0.0
6	0	85	0.0
6	1	85	0.0
6	2	85	0.0
6	3	85	0.0
6	4	85	0.0
6	5	85	0.0
6	6	85	0.0
6	7	85	0.0
6	8	85	0.0
6	9	85	0.0
7	0	85	0.0
7	1	85	0.0
7	2	85	0.0
7	3	85	0.0
7	4	85	0.0
7	5	85	0.0
7	6	85	0.0
7	7	85	0.0
7	8	85	0.0
7	9	85	0.0
8	0	85	0.0
8	1	85	0.0
8	2	85	0.0
8	3	85	0.0
8	4	85	0.0
8	5	85	0.0
8	6	85	0.0
8	7	85	0.0
8	8	85	0.0
8	9	85	0.0
9	0	85	0.0
9	1	85	0.0
9	2	85	0.0
9	3	85	0.0
9	4	85	0.0
9	5	85	0.0
9	6	85	0.0
9	7	85	0.0
9	8	85	0.0
9	9	85	0.0
0	0	86	0.0
0	1	86	0.0
0	2	86	0.0
0	3	86	0.0
0	4	86	0.0
0	5	86	0.0
0	6	86	0.0
0	7	86	0.0
0	8	86	0.0
0	9	86	0.0
1	0	86	0.0
1	1	86	0.0
1	2	86	0.0
1	3	86	0.0
1	4	86	0.0
1	5	86	0.0
1	6	86	0.0
1	7	86	0.0
1	8	86	0.0
1	9	86	0.0
2	0	86	0.0
2	1	86	0.0
2	2	86	0.0
2	3	86	0.0
2	4	86	0.0
2	5	86	0.0
2	6	86	0.0
2	7	86	0.0
2	8	86	0.0
2	9	86	0.0
3	0	86	0.0
3	1	86	0.0
3	2	86	0.0
3	3	86	0.0
3	4	86	0.0
3	5	86	0.0
3	6	86	0.0
3	7	86	0.0
3	8	86	0.0
3	9	86	0.0
4	0	86	0.0
4	1	86	0.0
4	2	86	0.0
4	3	86	0.0
4	4	86	0.0
4	5	86	0.0
4	6	86	0.0
4	7	86	0.0
4	8	86	0.0
4	9	86	0.0
5	0	86	0.0
5	1	86	0.0
5	2	86	0.0
5	3	86	0.0
5	4	86	0.0
5	5	86	0.0
5	6	86	0.0
5	7	86	0.0
5	8	86	0.0
5	9	86	0.0
6	0	86	0.0
6	1	86	0.0
6	2	86	0.0
6	3	86	0.0
6	4	86	0.0
6	5	86	0.0
6	6	86	0.0
6	7	86	0.0
6	8	86	0.0
6	9	86	0.0
7	0	86	0.0
7	1	86	0.0
7	2	86	0.0
7	3	86	0.0
7	4	86	0.0
7	5	86	0.0
7	6	86	0.0
7	7	86	0.0
7	8	86	0.0
7	9	86	0.0
8	0	86	0.0
8	1	86	0.0
8	2	86	0.0
8	3	86	0.0
8	4	86	0.0
8	5	86	0.0
8	6	86	0.0
8	7	86	0.0
8	8	86	0.0
8	9	86	0.0
9	0	86	0.0
9	1	86	0.0
9	2	86	0.0
9	3	86	0.0
9	4	86	0.0
9	5	86	0.0
9	6	86	0.0
9	7	86	0.0
9	8	86	0.0
9	9	86	0.0
0	0	87	0.0
0	1	87	0.0
0	2	87	0.0
0	3	87	0.0
0	4	87	0.0
0	5	87	0.0
0	6	87	0.0
0	7	87	0.0
0	8	87	0.0
0	9	87	0.0
1	0	87	0.0
1	1	87	0.0
1	2	87	0.0
1	3	87	0.0
1	4	87	0.0
1	5	87	0.0
1	6	87	0.0
1	7	87	0.0
1	8	87	0.0
1	9	87	0.0
2	0	87	0.0
2	1	87	0.0
2	2	87	0.0
2	3	87	0.0
2	4	87	0.0
2	5	87	0.0
2	6	87	0.0
2	7	87	0.0
2	8	87	0.0
2	9	87	0.0
3	0	87	0.0
3	1	87	0.0
3	2	87	0.0
3	3	87	0.0
3	4	87	0.0
3	5	87	0.0
3	6	87	0.0
3	7	87	0.0
3	8	87	0.0
3	9	87	0.0
4	0	87	0.0
4	1	87	0.0
4	2	87	0.0
4	3	87	0.0
4	4	87	0.0
4	5	87	0.0
4	6	87	0.0
4	7	87	0.0
4	8	87	0.0
4	9	87	0.0
5	0	87	0.0
5	1	87	0.0
5	2	87	0.0
5	3	87	0.0
5	4	87	0.0
5	5	87	0.0
5	6	87	0.0
5	7	87	0.0
5	8	87	0.0
5	9	87	0.0
6	0	87	0.0
6	1	87	0.0
6	2	87	0.0
6	3	87	0.0
6	4	87	0.0
6	5	87	0.0
6	6	87	0.0
6	7	87	0.0
6	8	87	0.0
6	9	87	0.0
7	0	87	0.0
7	1	87	0.0
7	2	87	0.0
7	3	87	0.0
7	4	87	0.0
7	5	87	0.0
7	6	87	0.0
7	7	87	0.0
7	8	87	0.0
7	9	87	0.0
8	0	87	0.0
8	1	87	0.0
8	2	87	0.0
8	3	87	0.0
8	4	87	0.0
8	5	87	0.0
8	6	87	0.0
8	7	87	0.0
8	8	87	0.0
8	9	87	0.0
9	0	87	0.0
9	1	87	0.0
9	2	87	0.0
9	3	87	0.0
9	4	87	0.0
9	5	87	0.0
9	6	87	0.0
9	7	87	0.0
9	8	87	0.0
9	9	87	0.0
0	0	88	0.0
0	1	88	0.0
0	2	88	0.0
0	3	88	0.0
0	4	88	0.0
0	5	88	0.0
0	6	88	0.0
0	7	88	0.0
0	8	88	0.0
0	9	88	0.0
1	0	88	0.0
1	1	88	0.0
1	2	88	0.0
1	3	88	0.0
1	4	88	0.0
1	5	88	0.0
1	6	88	0.0
1	7	88	0.0
1	8	88	0.0
1	9	88	0.0
2	0	88	0.0
2	1	88	0.0
2	2	88	0.0
2	3	88	0.0
2	4	88	0.0
2	5	88	0.0
2	6	88	0.0
2	7	88	0.0
2	8	88	0.0
2	9	88	0.0
3	0	88	0.0
3	1	88	0.0
3	2	88	0.0
3	3	88	0.0
3	4	88	0.0
3	5	88	0.0
3	6	88	0.0
3	7	88	0.0
3	8	88	0.0
3	9	88	0.0
4	0	88	0.0
4	1	88	0.0
4	2	88	0.0
4	3	88	0.0
4	4	88	0.0
4	5	88	0.0
4	6	88	0.0
4	7	88	0.0
4	8	88	0.0
4	9	88	0.0
5	0	88	0.0
5	1	88	0.0
5	2	88	0.0
5	3	88	0.0
5	4	88	0.0
5	5	88	0.0
5	6	88	0.0
5	7	88	0.0
5	8	88	0.0
5	9	88	0.0
6	0	88	0.0
6	1	88	0.0
6	2	88	0.0
6	3	88	0.0
6	4	88	0.0
6	5	88	0.0
6	6	88	0.0
6	7	88	0.0
6	8	88	0.0
6	9	88	0.0
7	0	88	0.0
7	1	88	0.0
7	2	88	0.0
7	3	88	0.0
7	4	88	0.0
7	5	88	0.0
7	6	88	0.0
7	7	88	0.0
7	8	88	0.0
7	9	88	0.0
8	0	88	0.0
8	1	88	0.0
8	2	88	0.0
8	3	88	0.0
8	4	88	0.0
8	5	88	0.0
8	6	88	0.0
8	7	88	0.0
8	8	88	0.0
8	9	88	0.0
9	0	88	0.0
9	1	88	0.0
9	2	88	0.0
9	3	88	0.0
9	4	88	0.0
9	5	88	0.0
9	6	88	0.0
9	7	88	0.0
9	8	88	0.0
9	9	88	0.0
0	0	89	0.0
0	1	89	0.0
0	2	89	0.0
0	3	89	0.0
0	4	89	0.0
0	5	89	0.0
0	6	89	0.0
0	7	89	0.0
0	8	89	0.0
0	9	89	0.0
1	0	89	0.0
1	1	89	0.0
1	2	89	0.0
1	3	89	0.0
1	4	89	0.0
1	5	89	0.0
1	6	89	0.0
1	7	89	0.0
1	8	89	0.0
1	9	89	0.0
2	0	89	0.0
2	1	89	0.0
2	2	89	0.0
2	3	89	0.0
2	4	89	0.0
2	5	89	0.0
2	6	89	0.0
2	7	89	0.0
2	8	89	0.0
2	9	89	0.0
3	0	89	0.0
3	1	89	0.0
3	2	89	0.0
3	3	89	0.0
3	4	89	0.0
3	5	89	0.0
3	6	89	0.0
3	7	89	0.0
3	8	89	0.0
3	9	89	0.0
4	0	89	0.0
4	1	89	0.0
4	2	89	0.0
4	3	89	0.0
4	4	89	0.0
4	5	89	0.0
4	6	89	0.0
4	7	89	0.0
4	8	89	0.0
4	9	89	0.0
5	0	89	0.0
5	1	89	0.0
5	2	89	0.0
5	3	89	0.0
5	4	89	0.0
5	5	89	0.0
5	6	89	0.0
5	7	89	0.0
5	8	89	0.0
5	9	89	0.0
6	0	89	0.0
6	1	89	0.0
6	2	89	0.0
6	3	89	0.0
6	4	89	0.0
6	5	89	0.0
6	6	89	0.0
6	7	89	0.0
6	8	89	0.0
6	9	89	0.0
7	0	89	0.0
7	1	89	0.0
7	2	89	0.0
7	3	89	0.0
7	4	89	0.0
7	5	89	0.0
7	6	89	0.0
7	7	89	0.0
7	8	89	0.0
7	9	89	0.0
8	0	89	0.0
8	1	89	0.0
8	2	89	0.0
8	3	89	0.0
8	4	89	0.0
8	5	89	0.0
8	6	89	0.0
8	7	89	0.0
8	8	89	0.0
8	9	89	0.0
9	0	89	0.0
9	1	89	0.0
9	2	89	0.0
9	3	89	0.0
9	4	89	0.0
9	5	89	0.0
9	6	89	0.0
9	7	89	0.0
9	8	89	0.0
9	9	89	0.0
0	0	90	0.0
0	1	90	0.0
0	2	90	0.0
0	3	90	0.0
0	4	90	0.0
0	5	90	0.0
0	6	90	0.0
0	7	90	0.0
0	8	90	0.0
0	9	90	0.0
1	0	90	0.0
1	1	90	0.0
1	2	90	0.0
1	3	90	0.0
1	4	90	0.0
1	5	90	0.0
1	6	90	0.0
1	7	90	0.0
1	8	90	0.0
1	9	90	0.0
2	0	90	0.0
2	1	90	0.0
2	2	90	0.0
2	3	90	0.0
2	4	90	0.0
2	5	90	0.0
2	6	90	0.0
2	7	90	0.0
2	8	90	0.0
2	9	90	0.0
3	0	90	0.0
3	1	90	0.0
3	2	90	0.0
3	3	90	0.0
3	4	90	0.0
3	5	90	0.0
3	6	90	0.0
3	7	90	0.0
3	8	90	0.0
3	9	90	0.0
4	0	90	0.0
4	1	90	0.0
4	2	90	0.0
4	3	90	0.0
4	4	90	0.0
4	5	90	0.0
4	6	90	0.0
4	7	90	0.0
4	8	90	0.0
4	9	90	0.0
5	0	90	0.0
5	1	90	0.0
5	2	90	0.0
5	3	90	0.0
5	4	90	0.0
5	5	90	0.0
5	6	90	0.0
5	7	90	0.0
5	8	90	0.0
5	9	90	0.0
6	0	90	0.0
6	1	90	0.0
6	2	90	0.0
6	3	90	0.0
6	4	90	0.0
6	5	90	0.0
6	6	90	0.0
6	7	90	0.0
6	8	90	0.0
6	9	90	0.0
7	0	90	0.0
7	1	90	0.0
7	2	90	0.0
7	3	90	0.0
7	4	90	0.0
7	5	90	0.0
7	6	90	0.0
7	7	90	0.0
7	8	90	0.0
7	9	90	0.0
8	0	90	0.0
8	1	90	0.0
8	2	90	0.0
8	3	90	0.0
8	4	90	0.0
8	5	90	0.0
8	6	90	0.0
8	7	90	0.0
8	8	90	0.0
8	9	90	0.0
9	0	90	0.0
9	1	90	0.0
9	2	90	0.0
9	3	90	0.0
9	4	90	0.0
9	5	90	0.0
9	6	90	0.0
9	7	90	0.0
9	8	90	0.0
9	9	90	0.0
0	0	91	0.0
0	1	91	0.0
0	2	91	0.0
0	3	91	0.0
0	4	91	0.0
0	5	91	0.0
0	6	91	0.0
0	7	91	0.0
0	8	91	0.0
0	9	91	0.0
1	0	91	0.0
1	1	91	0.0
1	2	91	0.0
1	3	91	0.0
1	4	91	0.0
1	5	91	0.0
1	6	91	0.0
1	7	91	0.0
1	8	91	0.0
1	9	91	0.0
2	0	91	0.0
2	1	91	0.0
2	2	91	0.0
2	3	91	0.0
2	4	91	0.0
2	5	91	0.0
2	6	91	0.0
2	7	91	0.0
2	8	91	0.0
2	9	91	0.0
3	0	91	0.0
3	1	91	0.0
3	2	91	0.0
3	3	91	0.0
3	4	91	0.0
3	5	91	0.0
3	6	91	0.0
3	7	91	0.0
3	8	91	0.0
3	9	91	0.0
4	0	91	0.0
4	1	91	0.0
4	2	91	0.0
4	3	91	0.0
4	4	91	0.0
4	5	91	0.0
4	6	91	0.0
4	7	91	0.0
4	8	91	0.0
4	9	91	0.0
5	0	91	0.0
5	1	91	0.0
5	2	91	0.0
5	3	91	0.0
5	4	91	0.0
5	5	91	0.0
5	6	91	0.0
5	7	91	0.0
5	8	91	0.0
5	9	91	0.0
6	0	91	0.0
6	1	91	0.0
6	2	91	0.0
6	3	91	0.0
6	4	91	0.0
6	5	91	0.0
6	6	91	0.0
6	7	91	0.0
6	8	91	0.0
6	9	91	0.0
7	0	91	0.0
7	1	91	0.0
7	2	91	0.0
7	3	91	0.0
7	4	91	0.0
7	5	91	0.0
7	6	91	0.0
7	7	91	0.0
7	8	91	0.0
7	9	91	0.0
8	0	91	0.0
8	1	91	0.0
8	2	91	0.0
8	3	91	0.0
8	4	91	0.0
8	5	91	0.0
8	6	91	0.0
8	7	91	0.0
8	8	91	0.0
8	9	91	0.0
9	0	91	0.0
9	1	91	0.0
9	2	91	0.0
9	3	91	0.0
9	4	91	0.0
9	5	91	0.0
9	6	91	0.0
9	7	91	0.0
9	8	91	0.0
9	9	91	0.0
0	0	92	0.0
0	1	92	0.0
0	2	92	0.0
0	3	92	0.0
0	4	92	0.0
0	5	92	0.0
0	6	92	0.0
0	7	92	0.0
0	8	92	0.0
0	9	92	0.0
1	0	92	0.0
1	1	92	0.0
1	2	92	0.0
1	3	92	0.0
1	4	92	0.0
1	5	92	0.0
1	6	92	0.0
1	7	92	0.0
1	8	92	0.0
1	9	92	0.0
2	0	92	0.0
2	1	92	0.0
2	2	92	0.0
2	3	92	0.0
2	4	92	0.0
2	5	92	0.0
2	6	92	0.0
2	7	92	0.0
2	8	92	0.0
2	9	92	0.0
3	0	92	0.0
3	1	92	0.0
3	2	92	0.0
3	3	92	0.0
3	4	92	0.0
3	5	92	0.0
3	6	92	0.0
3	7	92	0.0
3	8	92	0.0
3	9	92	0.0
4	0	92	0.0
4	1	92	0.0
4	2	92	0.0
4	3	92	0.0
4	4	92	0.0
4	5	92	0.0
4	6	92	0.0
4	7	92	0.0
4	8	92	0.0
4	9	92	0.0
5	0	92	0.0
5	1	92	0.0
5	2	92	0.0
5	3	92	0.0
5	4	92	0.0
5	5	92	0.0
5	6	92	0.0
5	7	92	0.0
5	8	92	0.0
5	9	92	0.0
6	0	92	0.0
6	1	92	0.0
6	2	92	0.0
6	3	92	0.0
6	4	92	0.0
6	5	92	0.0
6	6	92	0.0
6	7	92	0.0
6	8	92	0.0
6	9	92	0.0
7	0	92	0.0
7	1	92	0.0
7	2	92	0.0
7	3	92	0.0
7	4	92	0.0
7	5	92	0.0
7	6	92	0.0
7	7	92	0.0
7	8	92	0.0
7	9	92	0.0
8	0	92	0.0
8	1	92	0.0
8	2	92	0.0
8	3	92	0.0
8	4	92	0.0
8	5	92	0.0
8	6	92	0.0
8	7	92	0.0
8	8	92	0.0
8	9	92	0.0
9	0	92	0.0
9	1	92	0.0
9	2	92	0.0
9	3	92	0.0
9	4	92	0.0
9	5	92	0.0
9	6	92	0.0
9	7	92	0.0
9	8	92	0.0
9	9	92	0.0
0	0	93	0.0
0	1	93	0.0
0	2	93	0.0
0	3	93	0.0
0	4	93	0.0
0	5	93	0.0
0	6	93	0.0
0	7	93	0.0
0	8	93	0.0
0	9	93	0.0
1	0	93	0.0
1	1	93	0.0
1	2	93	0.0
1	3	93	0.0
1	4	93	0.0
1	5	93	0.0
1	6	93	0.0
1	7	93	0.0
1	8	93	0.0
1	9	93	0.0
2	0	93	0.0
2	1	93	0.0
2	2	93	0.0
2	3	93	0.0
2	4	93	0.0
2	5	93	0.0
2	6	93	0.0
2	7	93	0.0
2	8	93	0.0
2	9	93	0.0
3	0	93	0.0
3	1	93	0.0
3	2	93	0.0
3	3	93	0.0
3	4	93	0.0
3	5	93	0.0
3	6	93	0.0
3	7	93	0.0
3	8	93	0.0
3	9	93	0.0
4	0	93	0.0
4	1	93	0.0
4	2	93	0.0
4	3	93	0.0
4	4	93	0.0
4	5	93	0.0
4	6	93	0.0
4	7	93	0.0
4	8	93	0.0
4	9	93	0.0
5	0	93	0.0
5	1	93	0.0
5	2	93	0.0
5	3	93	0.0
5	4	93	0.0
5	5	93	0.0
5	6	93	0.0
5	7	93	0.0
5	8	93	0.0
5	9	93	0.0
6	0	93	0.0
6	1	93	0.0
6	2	93	0.0
6	3	93	0.0
6	4	93	0.0
6	5	93	0.0
6	6	93	0.0
6	7	93	0.0
6	8	93	0.0
6	9	93	0.0
7	0	93	0.0
7	1	93	0.0
7	2	93	0.0
7	3	93	0.0
7	4	93	0.0
7	5	93	0.0
7	6	93	0.0
7	7	93	0.0
7	8	93	0.0
7	9	93	0.0
8	0	93	0.0
8	1	93	0.0
8	2	93	0.0
8	3	93	0.0
8	4	93	0.0
8	5	93	0.0
8	6	93	0.0
8	7	93	0.0
8	8	93	0.0
8	9	93	0.0
9	0	93	0.0
9	1	93	0.0
9	2	93	0.0
9	3	93	0.0
9	4	93	0.0
9	5	93	0.0
9	6	93	0.0
9	7	93	0.0
9	8	93	0.0
9	9	93	0.0
0	0	94	0.0
0	1	94	0.0
0	2	94	0.0
0	3	94	0.0
0	4	94	0.0
0	5	94	0.0
0	6	94	0.0
0	7	94	0.0
0	8	94	0.0
0	9	94	0.0
1	0	94	0.0
1	1	94	0.0
1	2	94	0.0
1	3	94	0.0
1	4	94	0.0
1	5	94	0.0
1	6	94	0.0
1	7	94	0.0
1	8	94	0.0
1	9	94	0.0
2	0	94	0.0
2	1	94	0.0
2	2	94	0.0
2	3	94	0.0
2	4	94	0.0
2	5	94	0.0
2	6	94	0.0
2	7	94	0.0
2	8	94	0.0
2	9	94	0.0
3	0	94	0.0
3	1	94	0.0
3	2	94	0.0
3	3	94	0.0
3	4	94	0.0
3	5	94	0.0
3	6	94	0.0
3	7	94	0.0
3	8	94	0.0
3	9	94	0.0
4	0	94	0.0
4	1	94	0.0
4	2	94	0.0
4	3	94	0.0
4	4	94	0.0
4	5	94	0.0
4	6	94	0.0
4	7	94	0.0
4	8	94	0.0
4	9	94	0.0
5	0	94	0.0
5	1	94	0.0
5	2	94	0.0
5	3	94	0.0
5	4	94	0.0
5	5	94	0.0
5	6	94	0.0
5	7	94	0.0
5	8	94	0.0
5	9	94	0.0
6	0	94	0.0
6	1	94	0.0
6	2	94	0.0
6	3	94	0.0
6	4	94	0.0
6	5	94	0.0
6	6	94	0.0
6	7	94	0.0
6	8	94	0.0
6	9	94	0.0
7	0	94	0.0
7	1	94	0.0
7	2	94	0.0
7	3	94	0.0
7	4	94	0.0
7	5	94	0.0
7	6	94	0.0
7	7	94	0.0
7	8	94	0.0
7	9	94	0.0
8	0	94	0.0
8	1	94	0.0
8	2	94	0.0
8	3	94	0.0
8	4	94	0.0
8	5	94	0.0
8	6	94	0.0
8	7	94	0.0
8	8	94	0.0
8	9	94	0.0
9	0	94	0.0
9	1	94	0.0
9	2	94	0.0
9	3	94	0.0
9	4	94	0.0
9	5	94	0.0
9	6	94	0.0
9	7	94	0.0
9	8	94	0.0
9	9	94	0.0
0	0	95	0.0
0	1	95	0.0
0	2	95	0.0
0	3	95	0.0
0	4	95	0.0
0	5	95	0.0
0	6	95	0.0
0	7	95	0.0
0	8	95	0.0
0	9	95	0.0
1	0	95	0.0
1	1	95	0.0
1	2	95	0.0
1	3	95	0.0
1	4	95	0.0
1	5	95	0.0
1	6	95	0.0
1	7	95	0.0
1	8	95	0.0
1	9	95	0.0
2	0	95	0.0
2	1	95	0.0
2	2	95	0.0
2	3	95	0.0
2	4	95	0.0
2	5	95	0.0
2	6	95	0.0
2	7	95	0.0
2	8	95	0.0
2	9	95	0.0
3	0	95	0.0
3	1	95	0.0
3	2	95	0.0
3	3	95	0.0
3	4	95	0.0
3	5	95	0.0
3	6	95	0.0
3	7	95	0.0
3	8	95	0.0
3	9	95	0.0
4	0	95	0.0
4	1	95	0.0
4	2	95	0.0
4	3	95	0.0
4	4	95	0.0
4	5	95	0.0
4	6	95	0.0
4	7	95	0.0
4	8	95	0.0
4	9	95	0.0
5	0	95	0.0
5	1	95	0.0
5	2	95	0.0
5	3	95	0.0
5	4	95	0.0
5	5	95	0.0
5	6	95	0.0
5	7	95	0.0
5	8	95	0.0
5	9	95	0.0
6	0	95	0.0
6	1	95	0.0
6	2	95	0.0
6	3	95	0.0
6	4	95	0.0
6	5	95	0.0
6	6	95	0.0
6	7	95	0.0
6	8	95	0.0
6	9	95	0.0
7	0	95	0.0
7	1	95	0.0
7	2	95	0.0
7	3	95	0.0
7	4	95	0.0
7	5	95	0.0
7	6	95	0.0
7	7	95	0.0
7	8	95	0.0
7	9	95	0.0
8	0	95	0.0
8	1	95	0.0
8	2	95	0.0
8	3	95	0.0
8	4	95	0.0
8	5	95	0.0
8	6	95	0.0
8	7	95	0.0
8	8	95	0.0
8	9	95	0.0
9	0	95	0.0
9	1	95	0.0
9	2	95	0.0
9	3	95	0.0
9	4	95	0.0
9	5	95	0.0
9	6	95	0.0
9	7	95	0.0
9	8	95	0.0
9	9	95	0.0
0	0	96	0.0
0	1	96	0.0
0	2	96	0.0
0	3	96	0.0
0	4	96	0.0
0	5	96	0.0
0	6	96	0.0
0	7	96	0.0
0	8	96	0.0
0	9	96	0.0
1	0	96	0.0
1	1	96	0.0
1	2	96	0.0
1	3	96	0.0
1	4	96	0.0
1	5	96	0.0
1	6	96	0.0
1	7	96	0.0
1	8	96	0.0
1	9	96	0.0
2	0	96	0.0
2	1	96	0.0
2	2	96	0.0
2	3	96	0.0
2	4	96	0.0
2	5	96	0.0
2	6	96	0.0
2	7	96	0.0
2	8	96	0.0
2	9	96	0.0
3	0	96	0.0
3	1	96	0.0
3	2	96	0.0
3	3	96	0.0
3	4	96	0.0
3	5	96	0.0
3	6	96	0.0
3	7	96	0.0
3	8	96	0.0
3	9	96	0.0
4	0	96	0.0
4	1	96	0.0
4	2	96	0.0
4	3	96	0.0
4	4	96	0.0
4	5	96	0.0
4	6	96	0.0
4	7	96	0.0
4	8	96	0.0
4	9	96	0.0
5	0	96	0.0
5	1	96	0.0
5	2	96	0.0
5	3	96	0.0
5	4	96	0.0
5	5	96	0.0
5	6	96	0.0
5	7	96	0.0
5	8	96	0.0
5	9	96	0.0
6	0	96	0.0
6	1	96	0.0
6	2	96	0.0
6	3	96	0.0
6	4	96	0.0
6	5	96	0.0
6	6	96	0.0
6	7	96	0.0
6	8	96	0.0
6	9	96	0.0
7	0	96	0.0
7	1	96	0.0
7	2	96	0.0
7	3	96	0.0
7	4	96	0.0
7	5	96	0.0
7	6	96	0.0
7	7	96	0.0
7	8	96	0.0
7	9	96	0.0
8	0	96	0.0
8	1	96	0.0
8	2	96	0.0
8	3	96	0.0
8	4	96	0.0
8	5	96	0.0
8	6	96	0.0
8	7	96	0.0
8	8	96	0.0
8	9	96	0.0
9	0	96	0.0
9	1	96	0.0
9	2	96	0.0
9	3	96	0.0
9	4	96	0.0
9	5	96	0.0
9	6	96	0.0
9	7	96	0.0
9	8	96	0.0
9	9	96	0.0
0	0	97	0.0
0	1	97	0.0
0	2	97	0.0
0	3	97	0.0
0	4	97	0.0
0	5	97	0.0
0	6	97	0.0
0	7	97	0.0
0	8	97	0.0
0	9	97	0.0
1	0	97	0.0
1	1	97	0.0
1	2	97	0.0
1	3	97	0.0
1	4	97	0.0
1	5	97	0.0
1	6	97	0.0
1	7	97	0.0
1	8	97	0.0
1	9	97	0.0
2	0	97	0.0
2	1	97	0.0
2	2	97	0.0
2	3	97	0.0
2	4	97	0.0
2	5	97	0.0
2	6	97	0.0
2	7	97	0.0
2	8	97	0.0
2	9	97	0.0
3	0	97	0.0
3	1	97	0.0
3	2	97	0.0
3	3	97	0.0
3	4	97	0.0
3	5	97	1.0
3	6	97	1.0
3	7	97	1.0
3	8	97	2.0
3	9	97	2.0
4	0	97	0.0
4	1	97	0.0
4	2	97	0.0
4	3	97	0.0
4	4	97	0.0
4	5	97	0.0
4	6	97	0.0
4	7	97	0.0
4	8	97	0.0
4	9	97	0.0
5	0	97	0.0
5	1	97	0.0
5	2	97	0.0
5	3	97	0.0
5	4	97	0.0
5	5	97	0.0
5	6	97	0.0
5	7	97	0.0
5	8	97	0.0
5	9	97	0.0
6	0	97	0.0
6	1	97	0.0
6	2	97	0.0
6	3	97	0.0
6	4	97	0.0
6	5	97	0.0
6	6	97	0.0
6	7	97	0.0
6	8	97	0.0
6	9	97	0.0
7	0	97	0.0
7	1	97	0.0
7	2	97	0.0
7	3	97	0.0
7	4	97	0.0
7	5	97	0.0
7	6	97	0.0
7	7	97	0.0
7	8	97	0.0
7	9	97	0.0
8	0	97	0.0
8	1	97	0.0
8	2	97	0.0
8	3	97	0.0
8	4	97	0.0
8	5	97	0.0
8	6	97	0.0
8	7	97	0.0
8	8	97	0.0
8	9	97	0.0
9	0	97	0.0
9	1	97	0.0
9	2	97	0.0
9	3	97	0.0
9	4	97	0.0
9	5	97	0.0
9	6	97	0.0
9	7	97	0.0
9	8	97	0.0
9	9	97	0.0
0	0	98	0.0
0	1	98	0.0
0	2	98	0.0
0	3	98	0.0
0	4	98	0.0
0	5	98	0.0
0	6	98	0.0
0	7	98	0.0
0	8	98	0.0
0	9	98	0.0
1	0	98	0.0
1	1	98	0.0
1	2	98	0.0
1	3	98	0.0
1	4	98	0.0
1	5	98	0.0
1	6	98	0.0
1	7	98	0.0
1	8	98	0.0
1	9	98	0.0
2	0	98	0.0
2	1	98	0.0
2	2	98	0.0
2	3	98	0.0
2	4	98	0.0
2	5	98	0.0
2	6	98	0.0
2	7	98	0.0
2	8	98	0.0
2	9	98	0.0
3	0	98	0.0
3	1	98	0.0
3	2	98	0.0
3	3	98	0.0
3	4	98	0.0
3	5	98	0.0
3	6	98	0.0
3	7	98	0.0
3	8	98	0.0
3	9	98	0.0
4	0	98	0.0
4	1	98	0.0
4	2	98	0.0
4	3	98	0.0
4	4	98	0.0
4	5	98	0.0
4	6	98	0.0
4	7	98	0.0
4	8	98	0.0
4	9	98	0.0
5	0	98	0.0
5	1	98	0.0
5	2	98	0.0
5	3	98	0.0
5	4	98	0.0
5	5	98	0.0
5	6	98	0.0
5	7	98	0.0
5	8	98	0.0
5	9	98	0.0
6	0	98	0.0
6	1	98	0.0
6	2	98	0.0
6	3	98	0.0
6	4	98	0.0
6	5	98	0.0
6	6	98	0.0
6	7	98	0.0
6	8	98	0.0
6	9	98	0.0
7	0	98	0.0
7	1	98	0.0
7	2	98	0.0
7	3	98	0.0
7	4	98	0.0
7	5	98	0.0
7	6	98	0.0
7	7	98	0.0
7	8	98	0.0
7	9	98	0.0
8	0	98	0.0
8	1	98	0.0
8	2	98	0.0
8	3	98	0.0
8	4	98	0.0
8	5	98	0.0
8	6	98	0.0
8	7	98	0.0
8	8	98	0.0
8	9	98	0.0
9	0	98	0.0
9	1	98	0.0
9	2	98	0.0
9	3	98	0.0
9	4	98	0.0
9	5	98	0.0
9	6	98	0.0
9	7	98	0.0
9	8	98	0.0
9	9	98	0.0
0	0	99	0.0
0	1	99	0.0
0	2	99	0.0
0	3	99	0.0
0	4	99	0.0
0	5	99	0.0
0	6	99	0.0
0	7	99	0.0
0	8	99	0.0
0	9	99	0.0
1	0	99	0.0
1	1	99	0.0
1	2	99	0.0
1	3	99	0.0
1	4	99	0.0
1	5	99	0.0
1	6	99	0.0
1	7	99	0.0
1	8	99	0.0
1	9	99	0.0
2	0	99	0.0
2	1	99	0.0
2	2	99	0.0
2	3	99	0.0
2	4	99	0.0
2	5	99	0.0
2	6	99	0.0
2	7	99	0.0
2	8	99	0.0
2	9	99	0.0
3	0	99	0.0
3	1	99	0.0
3	2	99	0.0
3	3	99	0.0
3	4	99	0.0
3	5	99	0.0
3	6	99	0.0
3	7	99	0.0
3	8	99	0.0
3	9	99	0.0
4	0	99	0.0
4	1	99	0.0
4	2	99	0.0
4	3	99	0.0
4	4	99	0.0
4	5	99	0.0
4	6	99	0.0
4	7	99	0.0
4	8	99	0.0
4	9	99	0.0
5	0	99	0.0
5	1	99	0.0
5	2	99	0.0
5	3	99	0.0
5	4	99	0.0
5	5	99	0.0
5	6	99	0.0
5	7	99	0.0
5	8	99	0.0
5	9	99	0.0
6	0	99	0.0
6	1	99	0.0
6	2	99	0.0
6	3	99	0.0
6	4	99	0.0
6	5	99	0.0
6	6	99	0.0
6	7	99	0.0
6	8	99	0.0
6	9	99	0.0
7	0	99	0.0
7	1	99	0.0
7	2	99	0.0
7	3	99	0.0
7	4	99	0.0
7	5	99	0.0
7	6	99	0.0
7	7	99	0.0
7	8	99	0.0
7	9	99	0.0
8	0	99	0.0
8	1	99	0.0
8	2	99	0.0
8	3	99	0.0
8	4	99	0.0
8	5	99	0.0
8	6	99	0.0
8	7	99	0.0
8	8	99	0.0
8	9	99	0.0
9	0	99	0.0
9	1	99	0.0
9	2	99	0.0
9	3	99	0.0
9	4	99	0.0
9	5	99	0.0
9	6	99	0.0
9	7	99	0.0
9	8	99	0.0
9	9	99	0.0
